Time [s], Analyzer Name, Decoded Protocol Result
2.385311020000000,SPI,MOSI: 0x1800000;  MISO: 0x3FEFFFF
2.385924420000000,SPI,MOSI: 0x1810000;  MISO: 0x3FEFFFF
2.386538800000000,SPI,MOSI: 0x1820000;  MISO: 0x3FEFFFF
2.387153200000000,SPI,MOSI: 0x1830000;  MISO: 0x3FEFFFF
2.387770600000000,SPI,MOSI: 0x1840000;  MISO: 0x3FEFFFF
2.388385000000000,SPI,MOSI: 0x1850000;  MISO: 0x3FEFFFF
2.389000380000000,SPI,MOSI: 0x1860000;  MISO: 0x3FEFFFF
2.389615780000000,SPI,MOSI: 0x1870000;  MISO: 0x3FEFFFF
2.390234160000000,SPI,MOSI: 0x1880000;  MISO: 0x3FEFFFF
2.390848560000000,SPI,MOSI: 0x1890000;  MISO: 0x3FEFFFF
2.391463960000000,SPI,MOSI: 0x18A0000;  MISO: 0x3FEFFFF
2.392079360000000,SPI,MOSI: 0x18B0000;  MISO: 0x3FEFFFF
2.392697740000000,SPI,MOSI: 0x18C0000;  MISO: 0x3FEFFFF
2.393313140000000,SPI,MOSI: 0x18D0000;  MISO: 0x3FEFFFF
2.393929540000000,SPI,MOSI: 0x18E0000;  MISO: 0x3FEFFFF
2.394545920000000,SPI,MOSI: 0x18F0000;  MISO: 0x3FEFFFF
2.395165320000000,SPI,MOSI: 0x1900000;  MISO: 0x3FE0010
2.395794700000000,SPI,MOSI: 0x1910000;  MISO: 0x3FEA707
2.396418080000000,SPI,MOSI: 0x1920000;  MISO: 0x3FEDA99
2.397040480000000,SPI,MOSI: 0x1930000;  MISO: 0x3FEB0CA
2.397667860000000,SPI,MOSI: 0x1940000;  MISO: 0x3FEFF9D
2.398286240000000,SPI,MOSI: 0x1950000;  MISO: 0x3FEFD00
2.398911640000000,SPI,MOSI: 0x1960000;  MISO: 0x3FE5EF1
2.399534020000000,SPI,MOSI: 0x1970000;  MISO: 0x3FEFF4E
2.400157400000000,SPI,MOSI: 0x1980000;  MISO: 0x3FEFFFF
2.400772800000000,SPI,MOSI: 0x1990000;  MISO: 0x3FEFFFF
2.401389200000000,SPI,MOSI: 0x19A0000;  MISO: 0x3FEFFFF
2.402005580000000,SPI,MOSI: 0x19B0000;  MISO: 0x3FEFFFF
2.402624980000000,SPI,MOSI: 0x19C0000;  MISO: 0x3FEFFFF
2.403241360000000,SPI,MOSI: 0x19D0000;  MISO: 0x3FEFFFF
2.403858760000000,SPI,MOSI: 0x19E0000;  MISO: 0x3FEFFFF
2.404476160000000,SPI,MOSI: 0x19F0000;  MISO: 0x3FEFFFF
2.405096540000000,SPI,MOSI: 0x1A00000;  MISO: 0x3FEFFFF
2.405710940000000,SPI,MOSI: 0x1A10000;  MISO: 0x3FEFFFF
2.406326340000000,SPI,MOSI: 0x1A20000;  MISO: 0x3FEFFFF
2.406941720000000,SPI,MOSI: 0x1A30000;  MISO: 0x3FEFFFF
2.407560120000000,SPI,MOSI: 0x1A40000;  MISO: 0x3FEFFFF
2.408175520000000,SPI,MOSI: 0x1A50000;  MISO: 0x3FEFFFF
2.408791900000000,SPI,MOSI: 0x1A60000;  MISO: 0x3FEFFFF
2.409408300000000,SPI,MOSI: 0x1A70000;  MISO: 0x3FEFFFF
2.410027700000000,SPI,MOSI: 0x1A80000;  MISO: 0x3FEFFFF
2.410643080000000,SPI,MOSI: 0x1A90000;  MISO: 0x3FEFFFF
2.411259480000000,SPI,MOSI: 0x1AA0000;  MISO: 0x3FEFFFF
2.411875880000000,SPI,MOSI: 0x1AB0000;  MISO: 0x3FEFFFF
2.412495260000000,SPI,MOSI: 0x1AC0000;  MISO: 0x3FEFFFF
2.413111660000000,SPI,MOSI: 0x1AD0000;  MISO: 0x3FEFFFF
2.413729060000000,SPI,MOSI: 0x1AE0000;  MISO: 0x3FEFFFF
2.414346440000000,SPI,MOSI: 0x1AF0000;  MISO: 0x3FEFFFF
2.414966840000000,SPI,MOSI: 0x1B00000;  MISO: 0x3FEFFFF
2.415582220000000,SPI,MOSI: 0x1B10000;  MISO: 0x3FEFFFF
2.416198620000000,SPI,MOSI: 0x1B20000;  MISO: 0x3FEFFFF
2.416815020000000,SPI,MOSI: 0x1B30000;  MISO: 0x3FEFFFF
2.417434400000000,SPI,MOSI: 0x1B40000;  MISO: 0x3FEFFFF
2.418050800000000,SPI,MOSI: 0x1B50000;  MISO: 0x3FEFFFF
2.418668200000000,SPI,MOSI: 0x1B60000;  MISO: 0x3FEFFFF
2.419285580000000,SPI,MOSI: 0x1B70000;  MISO: 0x3FEFFFF
2.419905980000000,SPI,MOSI: 0x1B80000;  MISO: 0x3FEFFFF
2.420522360000000,SPI,MOSI: 0x1B90000;  MISO: 0x3FEFFFF
2.421139760000000,SPI,MOSI: 0x1BA0000;  MISO: 0x3FEFFFF
2.421757160000000,SPI,MOSI: 0x1BB0000;  MISO: 0x3FEFFFF
2.422377540000000,SPI,MOSI: 0x1BC0000;  MISO: 0x3FEE2FF
2.422998940000000,SPI,MOSI: 0x1BD0000;  MISO: 0x3FEFFFF
2.423617320000000,SPI,MOSI: 0x1BE0000;  MISO: 0x3FEFFFF
2.424235720000000,SPI,MOSI: 0x1BF0000;  MISO: 0x3FEFFFF
2.424918040000000,SPI,MOSI: 0x1800000;  MISO: 0x3FEFFFF
2.425552420000000,SPI,MOSI: 0x1810000;  MISO: 0x3FEFFFF
2.426187800000000,SPI,MOSI: 0x1820000;  MISO: 0x3FEFFFF
2.426823160000000,SPI,MOSI: 0x1830000;  MISO: 0x3FEFFFF
2.427481520000000,SPI,MOSI: 0x1840000;  MISO: 0x3FEFFFF
2.428116900000000,SPI,MOSI: 0x1850000;  MISO: 0x3FEFFFF
2.428753260000000,SPI,MOSI: 0x1860000;  MISO: 0x3FEFFFF
2.429389640000000,SPI,MOSI: 0x1870000;  MISO: 0x3FEFFFF
2.430049000000000,SPI,MOSI: 0x1880000;  MISO: 0x3FEFFFF
2.430684360000000,SPI,MOSI: 0x1890000;  MISO: 0x3FEFFFF
2.431320740000000,SPI,MOSI: 0x18A0000;  MISO: 0x3FEFFFF
2.431957120000000,SPI,MOSI: 0x18B0000;  MISO: 0x3FEFFFF
2.432616460000000,SPI,MOSI: 0x18C0000;  MISO: 0x3FEFFFF
2.433252840000000,SPI,MOSI: 0x18D0000;  MISO: 0x3FEFFFF
2.433890220000000,SPI,MOSI: 0x18E0000;  MISO: 0x3FEFFFF
2.434527580000000,SPI,MOSI: 0x18F0000;  MISO: 0x3FEFFFF
2.435187940000000,SPI,MOSI: 0x1900000;  MISO: 0x3FE0010
2.435838300000000,SPI,MOSI: 0x1910000;  MISO: 0x3FEA707
2.436482660000000,SPI,MOSI: 0x1920000;  MISO: 0x3FEDA99
2.437126040000000,SPI,MOSI: 0x1930000;  MISO: 0x3FEB0CA
2.437794380000000,SPI,MOSI: 0x1940000;  MISO: 0x3FEFF9D
2.438433740000000,SPI,MOSI: 0x1950000;  MISO: 0x3FEFD00
2.439080100000000,SPI,MOSI: 0x1960000;  MISO: 0x3FE5EF1
2.439723480000000,SPI,MOSI: 0x1970000;  MISO: 0x3FEFF4E
2.440387820000000,SPI,MOSI: 0x1980000;  MISO: 0x3FEFFFF
2.441024200000000,SPI,MOSI: 0x1990000;  MISO: 0x3FEFFFF
2.441661560000000,SPI,MOSI: 0x19A0000;  MISO: 0x3FEFFFF
2.442298940000000,SPI,MOSI: 0x19B0000;  MISO: 0x3FEFFFF
2.442959300000000,SPI,MOSI: 0x19C0000;  MISO: 0x3FEFFFF
2.443596660000000,SPI,MOSI: 0x19D0000;  MISO: 0x3FEFFFF
2.444235040000000,SPI,MOSI: 0x19E0000;  MISO: 0x3FEFFFF
2.444873400000000,SPI,MOSI: 0x19F0000;  MISO: 0x3FEFFFF
2.445534760000000,SPI,MOSI: 0x1A00000;  MISO: 0x3FEFFFF
2.446170140000000,SPI,MOSI: 0x1A10000;  MISO: 0x3FEFFFF
2.446806500000000,SPI,MOSI: 0x1A20000;  MISO: 0x3FEFFFF
2.447442880000000,SPI,MOSI: 0x1A30000;  MISO: 0x3FEFFFF
2.448102240000000,SPI,MOSI: 0x1A40000;  MISO: 0x3FEFFFF
2.448738600000000,SPI,MOSI: 0x1A50000;  MISO: 0x3FEFFFF
2.449375980000000,SPI,MOSI: 0x1A60000;  MISO: 0x3FEFFFF
2.450013360000000,SPI,MOSI: 0x1A70000;  MISO: 0x3FEFFFF
2.450673700000000,SPI,MOSI: 0x1A80000;  MISO: 0x3FEFFFF
2.451310080000000,SPI,MOSI: 0x1A90000;  MISO: 0x3FEFFFF
2.451947440000000,SPI,MOSI: 0x1AA0000;  MISO: 0x3FEFFFF
2.452584820000000,SPI,MOSI: 0x1AB0000;  MISO: 0x3FEFFFF
2.453245180000000,SPI,MOSI: 0x1AC0000;  MISO: 0x3FEFFFF
2.453882540000000,SPI,MOSI: 0x1AD0000;  MISO: 0x3FEFFFF
2.454520920000000,SPI,MOSI: 0x1AE0000;  MISO: 0x3FEFFFF
2.455159280000000,SPI,MOSI: 0x1AF0000;  MISO: 0x3FEFFFF
2.455820640000000,SPI,MOSI: 0x1B00000;  MISO: 0x3FEFFFF
2.456457020000000,SPI,MOSI: 0x1B10000;  MISO: 0x3FEFFFF
2.457094380000000,SPI,MOSI: 0x1B20000;  MISO: 0x3FEFFFF
2.457731760000000,SPI,MOSI: 0x1B30000;  MISO: 0x3FEFFFF
2.458392100000000,SPI,MOSI: 0x1B40000;  MISO: 0x3FEFFFF
2.459029480000000,SPI,MOSI: 0x1B50000;  MISO: 0x3FEFFFF
2.459667860000000,SPI,MOSI: 0x1B60000;  MISO: 0x3FEFFFF
2.460306220000000,SPI,MOSI: 0x1B70000;  MISO: 0x3FEFFFF
2.460967580000000,SPI,MOSI: 0x1B80000;  MISO: 0x3FEFFFF
2.461604940000000,SPI,MOSI: 0x1B90000;  MISO: 0x3FEFFFF
2.462243320000000,SPI,MOSI: 0x1BA0000;  MISO: 0x3FEFFFF
2.462881700000000,SPI,MOSI: 0x1BB0000;  MISO: 0x3FEFFFF
2.463543040000000,SPI,MOSI: 0x1BC0000;  MISO: 0x3FEE2FF
2.464185400000000,SPI,MOSI: 0x1BD0000;  MISO: 0x3FEFFFF
2.464824780000000,SPI,MOSI: 0x1BE0000;  MISO: 0x3FEFFFF
2.465464160000000,SPI,MOSI: 0x1BF0000;  MISO: 0x3FEFFFF
2.471429280000000,SPI,MOSI: 0x1800000;  MISO: 0x3FEFFFF
2.475435340000000,SPI,MOSI: 0x1810000;  MISO: 0x3FEFFFF
2.479450400000000,SPI,MOSI: 0x1820000;  MISO: 0x3FEFFFF
2.483462460000000,SPI,MOSI: 0x1830000;  MISO: 0x3FEFFFF
2.491489560000000,SPI,MOSI: 0x1840000;  MISO: 0x3FEFFFF
2.495495620000000,SPI,MOSI: 0x1850000;  MISO: 0x3FEFFFF
2.499510680000000,SPI,MOSI: 0x1860000;  MISO: 0x3FEFFFF
2.503523720000000,SPI,MOSI: 0x1870000;  MISO: 0x3FEFFFF
2.511546840000000,SPI,MOSI: 0x1880000;  MISO: 0x3FEFFFF
2.515557900000000,SPI,MOSI: 0x1890000;  MISO: 0x3FEFFFF
2.519570940000000,SPI,MOSI: 0x18A0000;  MISO: 0x3FEFFFF
2.523583000000000,SPI,MOSI: 0x18B0000;  MISO: 0x3FEFFFF
2.531607120000000,SPI,MOSI: 0x18C0000;  MISO: 0x3FEFFFF
2.535619160000000,SPI,MOSI: 0x18D0000;  MISO: 0x3FEFFFF
2.539631220000000,SPI,MOSI: 0x18E0000;  MISO: 0x3FEFFFF
2.543643280000000,SPI,MOSI: 0x18F0000;  MISO: 0x3FEFFFF
2.551670380000000,SPI,MOSI: 0x1900000;  MISO: 0x3FE0010
2.555679440000000,SPI,MOSI: 0x1910000;  MISO: 0x3FEA707
2.559688500000000,SPI,MOSI: 0x1920000;  MISO: 0x3FEDA99
2.563703560000000,SPI,MOSI: 0x1930000;  MISO: 0x3FEB0CA
2.571730660000000,SPI,MOSI: 0x1940000;  MISO: 0x3FEFF9D
2.575739720000000,SPI,MOSI: 0x1950000;  MISO: 0x3FEFD00
2.579748780000000,SPI,MOSI: 0x1960000;  MISO: 0x3FE5EF1
2.583763840000000,SPI,MOSI: 0x1970000;  MISO: 0x3FEFF4E
2.591790940000000,SPI,MOSI: 0x1980000;  MISO: 0x3FEFFFF
2.595800000000000,SPI,MOSI: 0x1990000;  MISO: 0x3FEFFFF
2.599811060000000,SPI,MOSI: 0x19A0000;  MISO: 0x3FEFFFF
2.603824100000000,SPI,MOSI: 0x19B0000;  MISO: 0x3FEFFFF
2.611851220000000,SPI,MOSI: 0x19C0000;  MISO: 0x3FEFFFF
2.615857280000000,SPI,MOSI: 0x19D0000;  MISO: 0x3FEFFFF
2.619872320000000,SPI,MOSI: 0x19E0000;  MISO: 0x3FEFFFF
2.623884380000000,SPI,MOSI: 0x19F0000;  MISO: 0x3FEFFFF
2.631910500000000,SPI,MOSI: 0x1A00000;  MISO: 0x3FEFFFF
2.635920540000000,SPI,MOSI: 0x1A10000;  MISO: 0x3FEFFFF
2.639932600000000,SPI,MOSI: 0x1A20000;  MISO: 0x3FEFFFF
2.643944660000000,SPI,MOSI: 0x1A30000;  MISO: 0x3FEFFFF
2.651968760000000,SPI,MOSI: 0x1A40000;  MISO: 0x3FEFFFF
2.655980820000000,SPI,MOSI: 0x1A50000;  MISO: 0x3FEFFFF
2.659992880000000,SPI,MOSI: 0x1A60000;  MISO: 0x3FEFFFF
2.664002940000000,SPI,MOSI: 0x1A70000;  MISO: 0x3FEFFFF
2.672032040000000,SPI,MOSI: 0x1A80000;  MISO: 0x3FEFFFF
2.676040100000000,SPI,MOSI: 0x1A90000;  MISO: 0x3FEFFFF
2.680052160000000,SPI,MOSI: 0x1AA0000;  MISO: 0x3FEFFFF
2.684065220000000,SPI,MOSI: 0x1AB0000;  MISO: 0x3FEFFFF
2.692089320000000,SPI,MOSI: 0x1AC0000;  MISO: 0x3FEFFFF
2.696100380000000,SPI,MOSI: 0x1AD0000;  MISO: 0x3FEFFFF
2.700113440000000,SPI,MOSI: 0x1AE0000;  MISO: 0x3FEFFFF
2.704126480000000,SPI,MOSI: 0x1AF0000;  MISO: 0x3FEFFFF
2.712149600000000,SPI,MOSI: 0x1B00000;  MISO: 0x3FEFFFF
2.716158660000000,SPI,MOSI: 0x1B10000;  MISO: 0x3FEFFFF
2.720173700000000,SPI,MOSI: 0x1B20000;  MISO: 0x3FEFFFF
2.724186760000000,SPI,MOSI: 0x1B30000;  MISO: 0x3FEFFFF
2.732211880000000,SPI,MOSI: 0x1B40000;  MISO: 0x3FEFFFF
2.736220920000000,SPI,MOSI: 0x1B50000;  MISO: 0x3FEFFFF
2.740233980000000,SPI,MOSI: 0x1B60000;  MISO: 0x3FEFFFF
2.744246040000000,SPI,MOSI: 0x1B70000;  MISO: 0x3FEFFFF
2.752270140000000,SPI,MOSI: 0x1B80000;  MISO: 0x3FEFFFF
2.756281200000000,SPI,MOSI: 0x1B90000;  MISO: 0x3FEFFFF
2.760294260000000,SPI,MOSI: 0x1BA0000;  MISO: 0x3FEFFFF
2.764307320000000,SPI,MOSI: 0x1BB0000;  MISO: 0x3FEFFFF
2.772333420000000,SPI,MOSI: 0x1BC0000;  MISO: 0x3FEE2FF
2.776342480000000,SPI,MOSI: 0x1BD0000;  MISO: 0x3FEFFFF
2.780354540000000,SPI,MOSI: 0x1BE0000;  MISO: 0x3FEFFFF
2.784367580000000,SPI,MOSI: 0x1BF0000;  MISO: 0x3FEFFFF
2.792392700000000,SPI,MOSI: 0x1800000;  MISO: 0x3FEFFFF
2.796401760000000,SPI,MOSI: 0x1810000;  MISO: 0x3FEFFFF
2.800414800000000,SPI,MOSI: 0x1820000;  MISO: 0x3FEFFFF
2.804426860000000,SPI,MOSI: 0x1830000;  MISO: 0x3FEFFFF
2.812453980000000,SPI,MOSI: 0x1840000;  MISO: 0x3FEFFFF
2.816462040000000,SPI,MOSI: 0x1850000;  MISO: 0x3FEFFFF
2.820472080000000,SPI,MOSI: 0x1860000;  MISO: 0x3FEFFFF
2.824488140000000,SPI,MOSI: 0x1870000;  MISO: 0x3FEFFFF
2.832514240000000,SPI,MOSI: 0x1880000;  MISO: 0x3FEFFFF
2.836523300000000,SPI,MOSI: 0x1890000;  MISO: 0x3FEFFFF
2.840535360000000,SPI,MOSI: 0x18A0000;  MISO: 0x3FEFFFF
2.844547420000000,SPI,MOSI: 0x18B0000;  MISO: 0x3FEFFFF
2.852574520000000,SPI,MOSI: 0x18C0000;  MISO: 0x3FEFFFF
2.856583580000000,SPI,MOSI: 0x18D0000;  MISO: 0x3FEFFFF
2.860595640000000,SPI,MOSI: 0x18E0000;  MISO: 0x3FEFFFF
2.864608680000000,SPI,MOSI: 0x18F0000;  MISO: 0x3FEFFFF
2.872634800000000,SPI,MOSI: 0x1900000;  MISO: 0x3FE0010
2.876643860000000,SPI,MOSI: 0x1910000;  MISO: 0x3FEA707
2.880654900000000,SPI,MOSI: 0x1920000;  MISO: 0x3FEDA99
2.884668960000000,SPI,MOSI: 0x1930000;  MISO: 0x3FEB0CA
2.892694080000000,SPI,MOSI: 0x1940000;  MISO: 0x3FEFF9D
2.896704120000000,SPI,MOSI: 0x1950000;  MISO: 0x3FEFD00
2.900716180000000,SPI,MOSI: 0x1960000;  MISO: 0x3FE5EF1
2.904729240000000,SPI,MOSI: 0x1970000;  MISO: 0x3FEFF4E
2.912754340000000,SPI,MOSI: 0x1980000;  MISO: 0x3FEFFFF
2.916761400000000,SPI,MOSI: 0x1990000;  MISO: 0x3FEFFFF
2.920776460000000,SPI,MOSI: 0x19A0000;  MISO: 0x3FEFFFF
2.924788500000000,SPI,MOSI: 0x19B0000;  MISO: 0x3FEFFFF
2.932815620000000,SPI,MOSI: 0x19C0000;  MISO: 0x3FEFFFF
2.936821680000000,SPI,MOSI: 0x19D0000;  MISO: 0x3FEFFFF
2.940833740000000,SPI,MOSI: 0x19E0000;  MISO: 0x3FEFFFF
2.944848780000000,SPI,MOSI: 0x19F0000;  MISO: 0x3FEFFFF
2.952874900000000,SPI,MOSI: 0x1A00000;  MISO: 0x3FEFFFF
2.956884940000000,SPI,MOSI: 0x1A10000;  MISO: 0x3FEFFFF
2.960897000000000,SPI,MOSI: 0x1A20000;  MISO: 0x3FEFFFF
2.964909060000000,SPI,MOSI: 0x1A30000;  MISO: 0x3FEFFFF
2.972935160000000,SPI,MOSI: 0x1A40000;  MISO: 0x3FEFFFF
2.976944220000000,SPI,MOSI: 0x1A50000;  MISO: 0x3FEFFFF
2.980957280000000,SPI,MOSI: 0x1A60000;  MISO: 0x3FEFFFF
2.984969340000000,SPI,MOSI: 0x1A70000;  MISO: 0x3FEFFFF
2.992996440000000,SPI,MOSI: 0x1A80000;  MISO: 0x3FEFFFF
2.997004500000000,SPI,MOSI: 0x1A90000;  MISO: 0x3FEFFFF
3.001016560000000,SPI,MOSI: 0x1AA0000;  MISO: 0x3FEFFFF
3.005029600000000,SPI,MOSI: 0x1AB0000;  MISO: 0x3FEFFFF
3.013055720000000,SPI,MOSI: 0x1AC0000;  MISO: 0x3FEFFFF
3.017062780000000,SPI,MOSI: 0x1AD0000;  MISO: 0x3FEFFFF
3.021076820000000,SPI,MOSI: 0x1AE0000;  MISO: 0x3FEFFFF
3.025089880000000,SPI,MOSI: 0x1AF0000;  MISO: 0x3FEFFFF
3.033116980000000,SPI,MOSI: 0x1B00000;  MISO: 0x3FEFFFF
3.037125040000000,SPI,MOSI: 0x1B10000;  MISO: 0x3FEFFFF
3.041137100000000,SPI,MOSI: 0x1B20000;  MISO: 0x3FEFFFF
3.045150140000000,SPI,MOSI: 0x1B30000;  MISO: 0x3FEFFFF
3.053176260000000,SPI,MOSI: 0x1B40000;  MISO: 0x3FEFFFF
3.057185320000000,SPI,MOSI: 0x1B50000;  MISO: 0x3FEFFFF
3.061197360000000,SPI,MOSI: 0x1B60000;  MISO: 0x3FEFFFF
3.065211420000000,SPI,MOSI: 0x1B70000;  MISO: 0x3FEFFFF
3.073237520000000,SPI,MOSI: 0x1B80000;  MISO: 0x3FEFFFF
3.077246580000000,SPI,MOSI: 0x1B90000;  MISO: 0x3FEFFFF
3.081258640000000,SPI,MOSI: 0x1BA0000;  MISO: 0x3FEFFFF
3.085268700000000,SPI,MOSI: 0x1BB0000;  MISO: 0x3FEFFFF
3.093296800000000,SPI,MOSI: 0x1BC0000;  MISO: 0x3FEE2FF
3.097305860000000,SPI,MOSI: 0x1BD0000;  MISO: 0x3FEFFFF
3.101318920000000,SPI,MOSI: 0x1BE0000;  MISO: 0x3FEFFFF
3.105331960000000,SPI,MOSI: 0x1BF0000;  MISO: 0x3FEFFFF
3.113358080000000,SPI,MOSI: 0x1800000;  MISO: 0x3FEFFFF
3.117367140000000,SPI,MOSI: 0x1810000;  MISO: 0x3FEFFFF
3.121378180000000,SPI,MOSI: 0x1820000;  MISO: 0x3FEFFFF
3.125392240000000,SPI,MOSI: 0x1830000;  MISO: 0x3FEFFFF
3.133418340000000,SPI,MOSI: 0x1840000;  MISO: 0x3FEFFFF
3.137427400000000,SPI,MOSI: 0x1850000;  MISO: 0x3FEFFFF
3.141439460000000,SPI,MOSI: 0x1860000;  MISO: 0x3FEFFFF
3.145451520000000,SPI,MOSI: 0x1870000;  MISO: 0x3FEFFFF
3.153477620000000,SPI,MOSI: 0x1880000;  MISO: 0x3FEFFFF
3.157486680000000,SPI,MOSI: 0x1890000;  MISO: 0x3FEFFFF
3.161498740000000,SPI,MOSI: 0x18A0000;  MISO: 0x3FEFFFF
3.165511780000000,SPI,MOSI: 0x18B0000;  MISO: 0x3FEFFFF
3.173538900000000,SPI,MOSI: 0x18C0000;  MISO: 0x3FEFFFF
3.177546940000000,SPI,MOSI: 0x18D0000;  MISO: 0x3FEFFFF
3.181559000000000,SPI,MOSI: 0x18E0000;  MISO: 0x3FEFFFF
3.185572060000000,SPI,MOSI: 0x18F0000;  MISO: 0x3FEFFFF
3.193598160000000,SPI,MOSI: 0x1900000;  MISO: 0x3FE0010
3.197605220000000,SPI,MOSI: 0x1910000;  MISO: 0x3FEA707
3.201620280000000,SPI,MOSI: 0x1920000;  MISO: 0x3FEDA99
3.205632320000000,SPI,MOSI: 0x1930000;  MISO: 0x3FEB0CA
3.213658440000000,SPI,MOSI: 0x1940000;  MISO: 0x3FEFF9D
3.217668500000000,SPI,MOSI: 0x1950000;  MISO: 0x3FEFD00
3.221680540000000,SPI,MOSI: 0x1960000;  MISO: 0x3FE5EF1
3.225692600000000,SPI,MOSI: 0x1970000;  MISO: 0x3FEFF4E
3.233719700000000,SPI,MOSI: 0x1980000;  MISO: 0x3FEFFFF
3.237728760000000,SPI,MOSI: 0x1990000;  MISO: 0x3FEFFFF
3.241739820000000,SPI,MOSI: 0x19A0000;  MISO: 0x3FEFFFF
3.245752880000000,SPI,MOSI: 0x19B0000;  MISO: 0x3FEFFFF
3.253779980000000,SPI,MOSI: 0x19C0000;  MISO: 0x3FEFFFF
3.257789040000000,SPI,MOSI: 0x19D0000;  MISO: 0x3FEFFFF
3.261801080000000,SPI,MOSI: 0x19E0000;  MISO: 0x3FEFFFF
3.265811140000000,SPI,MOSI: 0x19F0000;  MISO: 0x3FEFFFF
3.273839240000000,SPI,MOSI: 0x1A00000;  MISO: 0x3FEFFFF
3.277849300000000,SPI,MOSI: 0x1A10000;  MISO: 0x3FEFFFF
3.281861360000000,SPI,MOSI: 0x1A20000;  MISO: 0x3FEFFFF
3.285874420000000,SPI,MOSI: 0x1A30000;  MISO: 0x3FEFFFF
3.293900520000000,SPI,MOSI: 0x1A40000;  MISO: 0x3FEFFFF
3.297909580000000,SPI,MOSI: 0x1A50000;  MISO: 0x3FEFFFF
3.301921620000000,SPI,MOSI: 0x1A60000;  MISO: 0x3FEFFFF
3.305934680000000,SPI,MOSI: 0x1A70000;  MISO: 0x3FEFFFF
3.313959800000000,SPI,MOSI: 0x1A80000;  MISO: 0x3FEFFFF
3.317969840000000,SPI,MOSI: 0x1A90000;  MISO: 0x3FEFFFF
3.321981900000000,SPI,MOSI: 0x1AA0000;  MISO: 0x3FEFFFF
3.325993960000000,SPI,MOSI: 0x1AB0000;  MISO: 0x3FEFFFF
3.334020060000000,SPI,MOSI: 0x1AC0000;  MISO: 0x3FEFFFF
3.338029120000000,SPI,MOSI: 0x1AD0000;  MISO: 0x3FEFFFF
3.342039180000000,SPI,MOSI: 0x1AE0000;  MISO: 0x3FEFFFF
3.346055220000000,SPI,MOSI: 0x1AF0000;  MISO: 0x3FEFFFF
3.354081340000000,SPI,MOSI: 0x1B00000;  MISO: 0x3FEFFFF
3.358090380000000,SPI,MOSI: 0x1B10000;  MISO: 0x3FEFFFF
3.362101440000000,SPI,MOSI: 0x1B20000;  MISO: 0x3FEFFFF
3.366114500000000,SPI,MOSI: 0x1B30000;  MISO: 0x3FEFFFF
3.374141600000000,SPI,MOSI: 0x1B40000;  MISO: 0x3FEFFFF
3.378150660000000,SPI,MOSI: 0x1B50000;  MISO: 0x3FEFFFF
3.382161720000000,SPI,MOSI: 0x1B60000;  MISO: 0x3FEFFFF
3.386175760000000,SPI,MOSI: 0x1B70000;  MISO: 0x3FEFFFF
3.394201880000000,SPI,MOSI: 0x1B80000;  MISO: 0x3FEFFFF
3.398209920000000,SPI,MOSI: 0x1B90000;  MISO: 0x3FEFFFF
3.402222980000000,SPI,MOSI: 0x1BA0000;  MISO: 0x3FEFFFF
3.406235040000000,SPI,MOSI: 0x1BB0000;  MISO: 0x3FEFFFF
3.414261140000000,SPI,MOSI: 0x1BC0000;  MISO: 0x3FEE2FF
3.418271200000000,SPI,MOSI: 0x1BD0000;  MISO: 0x3FEFFFF
3.422280260000000,SPI,MOSI: 0x1BE0000;  MISO: 0x3FEFFFF
3.426293300000000,SPI,MOSI: 0x1BF0000;  MISO: 0x3FEFFFF
3.434321420000000,SPI,MOSI: 0x1800000;  MISO: 0x3FEFFFF
3.438330480000000,SPI,MOSI: 0x1810000;  MISO: 0x3FEFFFF
3.442343520000000,SPI,MOSI: 0x1820000;  MISO: 0x3FEFFFF
3.446353580000000,SPI,MOSI: 0x1830000;  MISO: 0x3FEFFFF
3.454382680000000,SPI,MOSI: 0x1840000;  MISO: 0x3FEFFFF
3.458388740000000,SPI,MOSI: 0x1850000;  MISO: 0x3FEFFFF
3.462403800000000,SPI,MOSI: 0x1860000;  MISO: 0x3FEFFFF
3.466416840000000,SPI,MOSI: 0x1870000;  MISO: 0x3FEFFFF
3.474439960000000,SPI,MOSI: 0x1880000;  MISO: 0x3FEFFFF
3.478452000000000,SPI,MOSI: 0x1890000;  MISO: 0x3FEFFFF
3.482463060000000,SPI,MOSI: 0x18A0000;  MISO: 0x3FEFFFF
3.486474120000000,SPI,MOSI: 0x18B0000;  MISO: 0x3FEFFFF
3.494500220000000,SPI,MOSI: 0x18C0000;  MISO: 0x3FEFFFF
3.498508280000000,SPI,MOSI: 0x18D0000;  MISO: 0x3FEFFFF
3.502523340000000,SPI,MOSI: 0x18E0000;  MISO: 0x3FEFFFF
3.506536380000000,SPI,MOSI: 0x18F0000;  MISO: 0x3FEFFFF
3.514563500000000,SPI,MOSI: 0x1900000;  MISO: 0x3FE0010
3.518569560000000,SPI,MOSI: 0x1910000;  MISO: 0x3FEA707
3.522584600000000,SPI,MOSI: 0x1920000;  MISO: 0x3FEDA99
3.526596660000000,SPI,MOSI: 0x1930000;  MISO: 0x3FEB0CA
3.534622760000000,SPI,MOSI: 0x1940000;  MISO: 0x3FEFF9D
3.538631820000000,SPI,MOSI: 0x1950000;  MISO: 0x3FEFD00
3.542643880000000,SPI,MOSI: 0x1960000;  MISO: 0x3FE5EF1
3.546657920000000,SPI,MOSI: 0x1970000;  MISO: 0x3FEFF4E
3.554684040000000,SPI,MOSI: 0x1980000;  MISO: 0x3FEFFFF
3.558690100000000,SPI,MOSI: 0x1990000;  MISO: 0x3FEFFFF
3.562705140000000,SPI,MOSI: 0x19A0000;  MISO: 0x3FEFFFF
3.566718200000000,SPI,MOSI: 0x19B0000;  MISO: 0x3FEFFFF
3.574744300000000,SPI,MOSI: 0x19C0000;  MISO: 0x3FEFFFF
3.578752360000000,SPI,MOSI: 0x19D0000;  MISO: 0x3FEFFFF
3.582762420000000,SPI,MOSI: 0x19E0000;  MISO: 0x3FEFFFF
3.586777460000000,SPI,MOSI: 0x19F0000;  MISO: 0x3FEFFFF
3.594804560000000,SPI,MOSI: 0x1A00000;  MISO: 0x3FEFFFF
3.598812620000000,SPI,MOSI: 0x1A10000;  MISO: 0x3FEFFFF
3.602822680000000,SPI,MOSI: 0x1A20000;  MISO: 0x3FEFFFF
3.606838740000000,SPI,MOSI: 0x1A30000;  MISO: 0x3FEFFFF
3.614864840000000,SPI,MOSI: 0x1A40000;  MISO: 0x3FEFFFF
3.618873900000000,SPI,MOSI: 0x1A50000;  MISO: 0x3FEFFFF
3.622884940000000,SPI,MOSI: 0x1A60000;  MISO: 0x3FEFFFF
3.626898000000000,SPI,MOSI: 0x1A70000;  MISO: 0x3FEFFFF
3.634924100000000,SPI,MOSI: 0x1A80000;  MISO: 0x3FEFFFF
3.638934160000000,SPI,MOSI: 0x1A90000;  MISO: 0x3FEFFFF
3.642946220000000,SPI,MOSI: 0x1AA0000;  MISO: 0x3FEFFFF
3.646959280000000,SPI,MOSI: 0x1AB0000;  MISO: 0x3FEFFFF
3.654985380000000,SPI,MOSI: 0x1AC0000;  MISO: 0x3FEFFFF
3.658993440000000,SPI,MOSI: 0x1AD0000;  MISO: 0x3FEFFFF
3.663003480000000,SPI,MOSI: 0x1AE0000;  MISO: 0x3FEFFFF
3.667019540000000,SPI,MOSI: 0x1AF0000;  MISO: 0x3FEFFFF
3.675044640000000,SPI,MOSI: 0x1B00000;  MISO: 0x3FEFFFF
3.679054700000000,SPI,MOSI: 0x1B10000;  MISO: 0x3FEFFFF
3.683066760000000,SPI,MOSI: 0x1B20000;  MISO: 0x3FEFFFF
3.687076820000000,SPI,MOSI: 0x1B30000;  MISO: 0x3FEFFFF
3.695104920000000,SPI,MOSI: 0x1B40000;  MISO: 0x3FEFFFF
3.699114960000000,SPI,MOSI: 0x1B50000;  MISO: 0x3FEFFFF
3.703127020000000,SPI,MOSI: 0x1B60000;  MISO: 0x3FEFFFF
3.707139080000000,SPI,MOSI: 0x1B70000;  MISO: 0x3FEFFFF
3.715166180000000,SPI,MOSI: 0x1B80000;  MISO: 0x3FEFFFF
3.719174240000000,SPI,MOSI: 0x1B90000;  MISO: 0x3FEFFFF
3.723187300000000,SPI,MOSI: 0x1BA0000;  MISO: 0x3FEFFFF
3.727200340000000,SPI,MOSI: 0x1BB0000;  MISO: 0x3FEFFFF
3.735225460000000,SPI,MOSI: 0x1BC0000;  MISO: 0x3FEE2FF
3.739234500000000,SPI,MOSI: 0x1BD0000;  MISO: 0x3FEFFFF
3.743247560000000,SPI,MOSI: 0x1BE0000;  MISO: 0x3FEFFFF
3.747259620000000,SPI,MOSI: 0x1BF0000;  MISO: 0x3FEFFFF
3.755285720000000,SPI,MOSI: 0x1800000;  MISO: 0x3FEFFFF
3.759295780000000,SPI,MOSI: 0x1810000;  MISO: 0x3FEFFFF
3.763306840000000,SPI,MOSI: 0x1820000;  MISO: 0x3FEFFFF
3.767320880000000,SPI,MOSI: 0x1830000;  MISO: 0x3FEFFFF
3.775344000000000,SPI,MOSI: 0x1840000;  MISO: 0x3FEFFFF
3.779355040000000,SPI,MOSI: 0x1850000;  MISO: 0x3FEFFFF
3.783368100000000,SPI,MOSI: 0x1860000;  MISO: 0x3FEFFFF
3.787378160000000,SPI,MOSI: 0x1870000;  MISO: 0x3FEFFFF
3.795406260000000,SPI,MOSI: 0x1880000;  MISO: 0x3FEFFFF
3.799413320000000,SPI,MOSI: 0x1890000;  MISO: 0x3FEFFFF
3.803427360000000,SPI,MOSI: 0x18A0000;  MISO: 0x3FEFFFF
3.807438420000000,SPI,MOSI: 0x18B0000;  MISO: 0x3FEFFFF
3.815466520000000,SPI,MOSI: 0x18C0000;  MISO: 0x3FEFFFF
3.819473580000000,SPI,MOSI: 0x18D0000;  MISO: 0x3FEFFFF
3.823487640000000,SPI,MOSI: 0x18E0000;  MISO: 0x3FEFFFF
3.827500680000000,SPI,MOSI: 0x18F0000;  MISO: 0x3FEFFFF
3.835524800000000,SPI,MOSI: 0x1900000;  MISO: 0x3FE0010
3.839536840000000,SPI,MOSI: 0x1910000;  MISO: 0x3FEA707
3.843545900000000,SPI,MOSI: 0x1920000;  MISO: 0x3FEDA99
3.847560960000000,SPI,MOSI: 0x1930000;  MISO: 0x3FEB0CA
3.855588060000000,SPI,MOSI: 0x1940000;  MISO: 0x3FEFF9D
3.859597120000000,SPI,MOSI: 0x1950000;  MISO: 0x3FEFD00
3.863609180000000,SPI,MOSI: 0x1960000;  MISO: 0x3FE5EF1
3.867621220000000,SPI,MOSI: 0x1970000;  MISO: 0x3FEFF4E
3.875647340000000,SPI,MOSI: 0x1980000;  MISO: 0x3FEFFFF
3.879657380000000,SPI,MOSI: 0x1990000;  MISO: 0x3FEFFFF
3.883669440000000,SPI,MOSI: 0x19A0000;  MISO: 0x3FEFFFF
3.887682500000000,SPI,MOSI: 0x19B0000;  MISO: 0x3FEFFFF
3.895708600000000,SPI,MOSI: 0x19C0000;  MISO: 0x3FEFFFF
3.899716660000000,SPI,MOSI: 0x19D0000;  MISO: 0x3FEFFFF
3.903729700000000,SPI,MOSI: 0x19E0000;  MISO: 0x3FEFFFF
3.907742760000000,SPI,MOSI: 0x19F0000;  MISO: 0x3FEFFFF
3.915767860000000,SPI,MOSI: 0x1A00000;  MISO: 0x3FEFFFF
3.919777920000000,SPI,MOSI: 0x1A10000;  MISO: 0x3FEFFFF
3.923789980000000,SPI,MOSI: 0x1A20000;  MISO: 0x3FEFFFF
3.927802020000000,SPI,MOSI: 0x1A30000;  MISO: 0x3FEFFFF
3.935826140000000,SPI,MOSI: 0x1A40000;  MISO: 0x3FEFFFF
3.939837180000000,SPI,MOSI: 0x1A50000;  MISO: 0x3FEFFFF
3.943849240000000,SPI,MOSI: 0x1A60000;  MISO: 0x3FEFFFF
3.947862300000000,SPI,MOSI: 0x1A70000;  MISO: 0x3FEFFFF
3.955888400000000,SPI,MOSI: 0x1A80000;  MISO: 0x3FEFFFF
3.959898460000000,SPI,MOSI: 0x1A90000;  MISO: 0x3FEFFFF
3.963910500000000,SPI,MOSI: 0x1AA0000;  MISO: 0x3FEFFFF
3.967922560000000,SPI,MOSI: 0x1AB0000;  MISO: 0x3FEFFFF
3.975949660000000,SPI,MOSI: 0x1AC0000;  MISO: 0x3FEFFFF
3.979958720000000,SPI,MOSI: 0x1AD0000;  MISO: 0x3FEFFFF
3.983970780000000,SPI,MOSI: 0x1AE0000;  MISO: 0x3FEFFFF
3.987980840000000,SPI,MOSI: 0x1AF0000;  MISO: 0x3FEFFFF
3.996008940000000,SPI,MOSI: 0x1B00000;  MISO: 0x3FEFFFF
4.000016000000000,SPI,MOSI: 0x1B10000;  MISO: 0x3FEFFFF
4.004030040000000,SPI,MOSI: 0x1B20000;  MISO: 0x3FEFFFF
4.008044100000000,SPI,MOSI: 0x1B30000;  MISO: 0x3FEFFFF
4.016066200000000,SPI,MOSI: 0x1B40000;  MISO: 0x3FEFFFF
4.020078260000000,SPI,MOSI: 0x1B50000;  MISO: 0x3FEFFFF
4.024091320000000,SPI,MOSI: 0x1B60000;  MISO: 0x3FEFFFF
4.028104360000000,SPI,MOSI: 0x1B70000;  MISO: 0x3FEFFFF
4.036127480000000,SPI,MOSI: 0x1B80000;  MISO: 0x3FEFFFF
4.040139520000000,SPI,MOSI: 0x1B90000;  MISO: 0x3FEFFFF
4.044151580000000,SPI,MOSI: 0x1BA0000;  MISO: 0x3FEFFFF
4.048161640000000,SPI,MOSI: 0x1BB0000;  MISO: 0x3FEFFFF
4.056190740000000,SPI,MOSI: 0x1BC0000;  MISO: 0x3FEE2FF
4.060199800000000,SPI,MOSI: 0x1BD0000;  MISO: 0x3FEFFFF
4.064211840000000,SPI,MOSI: 0x1BE0000;  MISO: 0x3FEFFFF
4.068224900000000,SPI,MOSI: 0x1BF0000;  MISO: 0x3FEFFFF
4.076251000000000,SPI,MOSI: 0x1800000;  MISO: 0x3FEFFFF
4.080260060000000,SPI,MOSI: 0x1810000;  MISO: 0x3FEFFFF
4.084271120000000,SPI,MOSI: 0x1820000;  MISO: 0x3FEFFFF
4.088282180000000,SPI,MOSI: 0x1830000;  MISO: 0x3FEFFFF
4.096310280000000,SPI,MOSI: 0x1840000;  MISO: 0x3FEFFFF
4.100320320000000,SPI,MOSI: 0x1850000;  MISO: 0x3FEFFFF
4.104332380000000,SPI,MOSI: 0x1860000;  MISO: 0x3FEFFFF
4.108345440000000,SPI,MOSI: 0x1870000;  MISO: 0x3FEFFFF
4.116370540000000,SPI,MOSI: 0x1880000;  MISO: 0x3FEFFFF
4.120379600000000,SPI,MOSI: 0x1890000;  MISO: 0x3FEFFFF
4.124391660000000,SPI,MOSI: 0x18A0000;  MISO: 0x3FEFFFF
4.128404700000000,SPI,MOSI: 0x18B0000;  MISO: 0x3FEFFFF
4.136431800000000,SPI,MOSI: 0x18C0000;  MISO: 0x3FEFFFF
4.140440860000000,SPI,MOSI: 0x18D0000;  MISO: 0x3FEFFFF
4.144452920000000,SPI,MOSI: 0x18E0000;  MISO: 0x3FEFFFF
4.148465960000000,SPI,MOSI: 0x18F0000;  MISO: 0x3FEFFFF
4.156492080000000,SPI,MOSI: 0x1900000;  MISO: 0x3FE0010
4.160500140000000,SPI,MOSI: 0x1910000;  MISO: 0x3FEA707
4.164512180000000,SPI,MOSI: 0x1920000;  MISO: 0x3FEDA99
4.168525240000000,SPI,MOSI: 0x1930000;  MISO: 0x3FEB0CA
4.176551340000000,SPI,MOSI: 0x1940000;  MISO: 0x3FEFF9D
4.180561400000000,SPI,MOSI: 0x1950000;  MISO: 0x3FEFD00
4.184573460000000,SPI,MOSI: 0x1960000;  MISO: 0x3FE5EF1
4.188585500000000,SPI,MOSI: 0x1970000;  MISO: 0x3FEFF4E
4.196609620000000,SPI,MOSI: 0x1980000;  MISO: 0x3FEFFFF
4.200621660000000,SPI,MOSI: 0x1990000;  MISO: 0x3FEFFFF
4.204630720000000,SPI,MOSI: 0x19A0000;  MISO: 0x3FEFFFF
4.208645780000000,SPI,MOSI: 0x19B0000;  MISO: 0x3FEFFFF
4.216671880000000,SPI,MOSI: 0x19C0000;  MISO: 0x3FEFFFF
4.220681940000000,SPI,MOSI: 0x19D0000;  MISO: 0x3FEFFFF
4.224693980000000,SPI,MOSI: 0x19E0000;  MISO: 0x3FEFFFF
4.228707040000000,SPI,MOSI: 0x19F0000;  MISO: 0x3FEFFFF
4.236732140000000,SPI,MOSI: 0x1A00000;  MISO: 0x3FEFFFF
4.240741200000000,SPI,MOSI: 0x1A10000;  MISO: 0x3FEFFFF
4.244754260000000,SPI,MOSI: 0x1A20000;  MISO: 0x3FEFFFF
4.248767300000000,SPI,MOSI: 0x1A30000;  MISO: 0x3FEFFFF
4.256793400000000,SPI,MOSI: 0x1A40000;  MISO: 0x3FEFFFF
4.260802460000000,SPI,MOSI: 0x1A50000;  MISO: 0x3FEFFFF
4.264813520000000,SPI,MOSI: 0x1A60000;  MISO: 0x3FEFFFF
4.268827580000000,SPI,MOSI: 0x1A70000;  MISO: 0x3FEFFFF
4.276850680000000,SPI,MOSI: 0x1A80000;  MISO: 0x3FEFFFF
4.280861740000000,SPI,MOSI: 0x1A90000;  MISO: 0x3FEFFFF
4.284873780000000,SPI,MOSI: 0x1AA0000;  MISO: 0x3FEFFFF
4.288886840000000,SPI,MOSI: 0x1AB0000;  MISO: 0x3FEFFFF
4.296912940000000,SPI,MOSI: 0x1AC0000;  MISO: 0x3FEFFFF
4.300922000000000,SPI,MOSI: 0x1AD0000;  MISO: 0x3FEFFFF
4.304932060000000,SPI,MOSI: 0x1AE0000;  MISO: 0x3FEFFFF
4.308948100000000,SPI,MOSI: 0x1AF0000;  MISO: 0x3FEFFFF
4.316974220000000,SPI,MOSI: 0x1B00000;  MISO: 0x3FEFFFF
4.320983260000000,SPI,MOSI: 0x1B10000;  MISO: 0x3FEFFFF
4.324995320000000,SPI,MOSI: 0x1B20000;  MISO: 0x3FEFFFF
4.329008380000000,SPI,MOSI: 0x1B30000;  MISO: 0x3FEFFFF
4.337034480000000,SPI,MOSI: 0x1B40000;  MISO: 0x3FEFFFF
4.341042540000000,SPI,MOSI: 0x1B50000;  MISO: 0x3FEFFFF
4.345055580000000,SPI,MOSI: 0x1B60000;  MISO: 0x3FEFFFF
4.349068640000000,SPI,MOSI: 0x1B70000;  MISO: 0x3FEFFFF
4.357093740000000,SPI,MOSI: 0x1B80000;  MISO: 0x3FEFFFF
4.361103800000000,SPI,MOSI: 0x1B90000;  MISO: 0x3FEFFFF
4.365115860000000,SPI,MOSI: 0x1BA0000;  MISO: 0x3FEFFFF
4.369127900000000,SPI,MOSI: 0x1BB0000;  MISO: 0x3FEFFFF
4.377155020000000,SPI,MOSI: 0x1BC0000;  MISO: 0x3FEE2FF
4.381163060000000,SPI,MOSI: 0x1BD0000;  MISO: 0x3FEFFFF
4.385173120000000,SPI,MOSI: 0x1BE0000;  MISO: 0x3FEFFFF
4.389189180000000,SPI,MOSI: 0x1BF0000;  MISO: 0x3FEFFFF
4.397212280000000,SPI,MOSI: 0x1800000;  MISO: 0x3FEFFFF
4.401224340000000,SPI,MOSI: 0x1810000;  MISO: 0x3FEFFFF
4.405236380000000,SPI,MOSI: 0x1820000;  MISO: 0x3FEFFFF
4.409246440000000,SPI,MOSI: 0x1830000;  MISO: 0x3FEFFFF
4.417275540000000,SPI,MOSI: 0x1840000;  MISO: 0x3FEFFFF
4.421283600000000,SPI,MOSI: 0x1850000;  MISO: 0x3FEFFFF
4.425296660000000,SPI,MOSI: 0x1860000;  MISO: 0x3FEFFFF
4.429309700000000,SPI,MOSI: 0x1870000;  MISO: 0x3FEFFFF
4.437332820000000,SPI,MOSI: 0x1880000;  MISO: 0x3FEFFFF
4.441343860000000,SPI,MOSI: 0x1890000;  MISO: 0x3FEFFFF
4.445356920000000,SPI,MOSI: 0x18A0000;  MISO: 0x3FEFFFF
4.449366980000000,SPI,MOSI: 0x18B0000;  MISO: 0x3FEFFFF
4.457395080000000,SPI,MOSI: 0x18C0000;  MISO: 0x3FEFFFF
4.461405140000000,SPI,MOSI: 0x18D0000;  MISO: 0x3FEFFFF
4.465417180000000,SPI,MOSI: 0x18E0000;  MISO: 0x3FEFFFF
4.469430240000000,SPI,MOSI: 0x18F0000;  MISO: 0x3FEFFFF
4.477455340000000,SPI,MOSI: 0x1900000;  MISO: 0x3FE0010
4.481465400000000,SPI,MOSI: 0x1910000;  MISO: 0x3FEA707
4.485476460000000,SPI,MOSI: 0x1920000;  MISO: 0x3FEDA99
4.489490500000000,SPI,MOSI: 0x1930000;  MISO: 0x3FEB0CA
4.497516620000000,SPI,MOSI: 0x1940000;  MISO: 0x3FEFF9D
4.501525660000000,SPI,MOSI: 0x1950000;  MISO: 0x3FEFD00
4.505536720000000,SPI,MOSI: 0x1960000;  MISO: 0x3FE5EF1
4.509547780000000,SPI,MOSI: 0x1970000;  MISO: 0x3FEFF4E
4.517576880000000,SPI,MOSI: 0x1980000;  MISO: 0x3FEFFFF
4.521585940000000,SPI,MOSI: 0x1990000;  MISO: 0x3FEFFFF
4.525596980000000,SPI,MOSI: 0x19A0000;  MISO: 0x3FEFFFF
4.529610040000000,SPI,MOSI: 0x19B0000;  MISO: 0x3FEFFFF
4.537637140000000,SPI,MOSI: 0x19C0000;  MISO: 0x3FEFFFF
4.541645200000000,SPI,MOSI: 0x19D0000;  MISO: 0x3FEFFFF
4.545658260000000,SPI,MOSI: 0x19E0000;  MISO: 0x3FEFFFF
4.549676300000000,SPI,MOSI: 0x19F0000;  MISO: 0x3FEFFFF
4.557694420000000,SPI,MOSI: 0x1A00000;  MISO: 0x3FEFFFF
4.561706460000000,SPI,MOSI: 0x1A10000;  MISO: 0x3FEFFFF
4.565722520000000,SPI,MOSI: 0x1A20000;  MISO: 0x3FEFFFF
4.569728580000000,SPI,MOSI: 0x1A30000;  MISO: 0x3FEFFFF
4.577754680000000,SPI,MOSI: 0x1A40000;  MISO: 0x3FEFFFF
4.581768740000000,SPI,MOSI: 0x1A50000;  MISO: 0x3FEFFFF
4.585778780000000,SPI,MOSI: 0x1A60000;  MISO: 0x3FEFFFF
4.589790840000000,SPI,MOSI: 0x1A70000;  MISO: 0x3FEFFFF
4.597822940000000,SPI,MOSI: 0x1A80000;  MISO: 0x3FEFFFF
4.601826000000000,SPI,MOSI: 0x1A90000;  MISO: 0x3FEFFFF
4.605836060000000,SPI,MOSI: 0x1AA0000;  MISO: 0x3FEFFFF
4.609851100000000,SPI,MOSI: 0x1AB0000;  MISO: 0x3FEFFFF
4.617875220000000,SPI,MOSI: 0x1AC0000;  MISO: 0x3FEFFFF
4.621886260000000,SPI,MOSI: 0x1AD0000;  MISO: 0x3FEFFFF
4.625898320000000,SPI,MOSI: 0x1AE0000;  MISO: 0x3FEFFFF
4.629917360000000,SPI,MOSI: 0x1AF0000;  MISO: 0x3FEFFFF
4.637938480000000,SPI,MOSI: 0x1B00000;  MISO: 0x3FEFFFF
4.641944540000000,SPI,MOSI: 0x1B10000;  MISO: 0x3FEFFFF
4.645964580000000,SPI,MOSI: 0x1B20000;  MISO: 0x3FEFFFF
4.649972640000000,SPI,MOSI: 0x1B30000;  MISO: 0x3FEFFFF
4.657997740000000,SPI,MOSI: 0x1B40000;  MISO: 0x3FEFFFF
4.662011800000000,SPI,MOSI: 0x1B50000;  MISO: 0x3FEFFFF
4.666018860000000,SPI,MOSI: 0x1B60000;  MISO: 0x3FEFFFF
4.670032900000000,SPI,MOSI: 0x1B70000;  MISO: 0x3FEFFFF
4.678064000000000,SPI,MOSI: 0x1B80000;  MISO: 0x3FEFFFF
4.682067080000000,SPI,MOSI: 0x1B90000;  MISO: 0x3FEFFFF
4.686077120000000,SPI,MOSI: 0x1BA0000;  MISO: 0x3FEFFFF
4.690090180000000,SPI,MOSI: 0x1BB0000;  MISO: 0x3FEFFFF
4.698118280000000,SPI,MOSI: 0x1BC0000;  MISO: 0x3FEE2FF
4.702128340000000,SPI,MOSI: 0x1BD0000;  MISO: 0x3FEFFFF
4.706139400000000,SPI,MOSI: 0x1BE0000;  MISO: 0x3FEFFFF
4.710158440000000,SPI,MOSI: 0x1BF0000;  MISO: 0x3FEFFFF
4.718178540000000,SPI,MOSI: 0x1800000;  MISO: 0x3FEFFFF
4.722187600000000,SPI,MOSI: 0x1810000;  MISO: 0x3FEFFFF
4.726205660000000,SPI,MOSI: 0x1820000;  MISO: 0x3FEFFFF
4.730212700000000,SPI,MOSI: 0x1830000;  MISO: 0x3FEFFFF
4.738239820000000,SPI,MOSI: 0x1840000;  MISO: 0x3FEFFFF
4.742253860000000,SPI,MOSI: 0x1850000;  MISO: 0x3FEFFFF
4.746260920000000,SPI,MOSI: 0x1860000;  MISO: 0x3FEFFFF
4.750273980000000,SPI,MOSI: 0x1870000;  MISO: 0x3FEFFFF
4.758302080000000,SPI,MOSI: 0x1880000;  MISO: 0x3FEFFFF
4.762309140000000,SPI,MOSI: 0x1890000;  MISO: 0x3FEFFFF
4.766321180000000,SPI,MOSI: 0x18A0000;  MISO: 0x3FEFFFF
4.770333240000000,SPI,MOSI: 0x18B0000;  MISO: 0x3FEFFFF
4.778360340000000,SPI,MOSI: 0x18C0000;  MISO: 0x3FEFFFF
4.782368400000000,SPI,MOSI: 0x18D0000;  MISO: 0x3FEFFFF
4.786380460000000,SPI,MOSI: 0x18E0000;  MISO: 0x3FEFFFF
4.790403500000000,SPI,MOSI: 0x18F0000;  MISO: 0x3FEFFFF
4.798420620000000,SPI,MOSI: 0x1900000;  MISO: 0x3FE0010
4.802428680000000,SPI,MOSI: 0x1910000;  MISO: 0x3FEA707
4.806445720000000,SPI,MOSI: 0x1920000;  MISO: 0x3FEDA99
4.810454780000000,SPI,MOSI: 0x1930000;  MISO: 0x3FEB0CA
4.818480880000000,SPI,MOSI: 0x1940000;  MISO: 0x3FEFF9D
4.822494940000000,SPI,MOSI: 0x1950000;  MISO: 0x3FEFD00
4.826502000000000,SPI,MOSI: 0x1960000;  MISO: 0x3FE5EF1
4.830514040000000,SPI,MOSI: 0x1970000;  MISO: 0x3FEFF4E
4.838545140000000,SPI,MOSI: 0x1980000;  MISO: 0x3FEFFFF
4.842547200000000,SPI,MOSI: 0x1990000;  MISO: 0x3FEFFFF
4.846562260000000,SPI,MOSI: 0x19A0000;  MISO: 0x3FEFFFF
4.850575320000000,SPI,MOSI: 0x19B0000;  MISO: 0x3FEFFFF
4.858600420000000,SPI,MOSI: 0x19C0000;  MISO: 0x3FEFFFF
4.862610480000000,SPI,MOSI: 0x19D0000;  MISO: 0x3FEFFFF
4.866619520000000,SPI,MOSI: 0x19E0000;  MISO: 0x3FEFFFF
4.870640580000000,SPI,MOSI: 0x19F0000;  MISO: 0x3FEFFFF
4.878661680000000,SPI,MOSI: 0x1A00000;  MISO: 0x3FEFFFF
4.882670740000000,SPI,MOSI: 0x1A10000;  MISO: 0x3FEFFFF
4.886687780000000,SPI,MOSI: 0x1A20000;  MISO: 0x3FEFFFF
4.890694840000000,SPI,MOSI: 0x1A30000;  MISO: 0x3FEFFFF
4.898721940000000,SPI,MOSI: 0x1A40000;  MISO: 0x3FEFFFF
4.902735000000000,SPI,MOSI: 0x1A50000;  MISO: 0x3FEFFFF
4.906743060000000,SPI,MOSI: 0x1A60000;  MISO: 0x3FEFFFF
4.910756120000000,SPI,MOSI: 0x1A70000;  MISO: 0x3FEFFFF
4.918786220000000,SPI,MOSI: 0x1A80000;  MISO: 0x3FEFFFF
4.922790280000000,SPI,MOSI: 0x1A90000;  MISO: 0x3FEFFFF
4.926802320000000,SPI,MOSI: 0x1AA0000;  MISO: 0x3FEFFFF
4.930815380000000,SPI,MOSI: 0x1AB0000;  MISO: 0x3FEFFFF
4.938841480000000,SPI,MOSI: 0x1AC0000;  MISO: 0x3FEFFFF
4.942851540000000,SPI,MOSI: 0x1AD0000;  MISO: 0x3FEFFFF
4.946863600000000,SPI,MOSI: 0x1AE0000;  MISO: 0x3FEFFFF
4.950878640000000,SPI,MOSI: 0x1AF0000;  MISO: 0x3FEFFFF
4.958902740000000,SPI,MOSI: 0x1B00000;  MISO: 0x3FEFFFF
4.962910800000000,SPI,MOSI: 0x1B10000;  MISO: 0x3FEFFFF
4.966927860000000,SPI,MOSI: 0x1B20000;  MISO: 0x3FEFFFF
4.970935920000000,SPI,MOSI: 0x1B30000;  MISO: 0x3FEFFFF
4.978963020000000,SPI,MOSI: 0x1B40000;  MISO: 0x3FEFFFF
4.982976060000000,SPI,MOSI: 0x1B50000;  MISO: 0x3FEFFFF
4.986983120000000,SPI,MOSI: 0x1B60000;  MISO: 0x3FEFFFF
4.990996180000000,SPI,MOSI: 0x1B70000;  MISO: 0x3FEFFFF
4.999028280000000,SPI,MOSI: 0x1B80000;  MISO: 0x3FEFFFF
5.003031340000000,SPI,MOSI: 0x1B90000;  MISO: 0x3FEFFFF
5.007044400000000,SPI,MOSI: 0x1BA0000;  MISO: 0x3FEFFFF
5.011057440000000,SPI,MOSI: 0x1BB0000;  MISO: 0x3FEFFFF
5.019082560000000,SPI,MOSI: 0x1BC0000;  MISO: 0x3FEE2FF
5.023091600000000,SPI,MOSI: 0x1BD0000;  MISO: 0x3FEFFFF
5.027101660000000,SPI,MOSI: 0x1BE0000;  MISO: 0x3FEFFFF
5.031122700000000,SPI,MOSI: 0x1BF0000;  MISO: 0x3FEFFFF
5.039140820000000,SPI,MOSI: 0x1800000;  MISO: 0x3FEFFFF
5.043152880000000,SPI,MOSI: 0x1810000;  MISO: 0x3FEFFFF
5.047174920000000,SPI,MOSI: 0x1820000;  MISO: 0x3FEFFFF
5.051177980000000,SPI,MOSI: 0x1830000;  MISO: 0x3FEFFFF
5.059203080000000,SPI,MOSI: 0x1840000;  MISO: 0x3FEFFFF
5.063213140000000,SPI,MOSI: 0x1850000;  MISO: 0x3FEFFFF
5.067225200000000,SPI,MOSI: 0x1860000;  MISO: 0x3FEFFFF
5.071237240000000,SPI,MOSI: 0x1870000;  MISO: 0x3FEFFFF
5.079264360000000,SPI,MOSI: 0x1880000;  MISO: 0x3FEFFFF
5.083273400000000,SPI,MOSI: 0x1890000;  MISO: 0x3FEFFFF
5.087285460000000,SPI,MOSI: 0x18A0000;  MISO: 0x3FEFFFF
5.091298520000000,SPI,MOSI: 0x18B0000;  MISO: 0x3FEFFFF
5.099324620000000,SPI,MOSI: 0x18C0000;  MISO: 0x3FEFFFF
5.103332680000000,SPI,MOSI: 0x18D0000;  MISO: 0x3FEFFFF
5.107344720000000,SPI,MOSI: 0x18E0000;  MISO: 0x3FEFFFF
5.111358780000000,SPI,MOSI: 0x18F0000;  MISO: 0x3FEFFFF
5.119383880000000,SPI,MOSI: 0x1900000;  MISO: 0x3FE0010
5.123393940000000,SPI,MOSI: 0x1910000;  MISO: 0x3FEA707
5.127406000000000,SPI,MOSI: 0x1920000;  MISO: 0x3FEDA99
5.131418040000000,SPI,MOSI: 0x1930000;  MISO: 0x3FEB0CA
5.139445160000000,SPI,MOSI: 0x1940000;  MISO: 0x3FEFF9D
5.143453220000000,SPI,MOSI: 0x1950000;  MISO: 0x3FEFD00
5.147465260000000,SPI,MOSI: 0x1960000;  MISO: 0x3FE5EF1
5.151478320000000,SPI,MOSI: 0x1970000;  MISO: 0x3FEFF4E
5.159505420000000,SPI,MOSI: 0x1980000;  MISO: 0x3FEFFFF
5.163513480000000,SPI,MOSI: 0x1990000;  MISO: 0x3FEFFFF
5.167525540000000,SPI,MOSI: 0x19A0000;  MISO: 0x3FEFFFF
5.171536580000000,SPI,MOSI: 0x19B0000;  MISO: 0x3FEFFFF
5.179565680000000,SPI,MOSI: 0x19C0000;  MISO: 0x3FEFFFF
5.183574740000000,SPI,MOSI: 0x19D0000;  MISO: 0x3FEFFFF
5.187585800000000,SPI,MOSI: 0x19E0000;  MISO: 0x3FEFFFF
5.191598860000000,SPI,MOSI: 0x19F0000;  MISO: 0x3FEFFFF
5.199624960000000,SPI,MOSI: 0x1A00000;  MISO: 0x3FEFFFF
5.203632020000000,SPI,MOSI: 0x1A10000;  MISO: 0x3FEFFFF
5.207647060000000,SPI,MOSI: 0x1A20000;  MISO: 0x3FEFFFF
5.211660120000000,SPI,MOSI: 0x1A30000;  MISO: 0x3FEFFFF
5.219685220000000,SPI,MOSI: 0x1A40000;  MISO: 0x3FEFFFF
5.223695280000000,SPI,MOSI: 0x1A50000;  MISO: 0x3FEFFFF
5.227706340000000,SPI,MOSI: 0x1A60000;  MISO: 0x3FEFFFF
5.231719380000000,SPI,MOSI: 0x1A70000;  MISO: 0x3FEFFFF
5.239746500000000,SPI,MOSI: 0x1A80000;  MISO: 0x3FEFFFF
5.243752560000000,SPI,MOSI: 0x1A90000;  MISO: 0x3FEFFFF
5.247767600000000,SPI,MOSI: 0x1AA0000;  MISO: 0x3FEFFFF
5.251780660000000,SPI,MOSI: 0x1AB0000;  MISO: 0x3FEFFFF
5.259806760000000,SPI,MOSI: 0x1AC0000;  MISO: 0x3FEFFFF
5.263814820000000,SPI,MOSI: 0x1AD0000;  MISO: 0x3FEFFFF
5.267827860000000,SPI,MOSI: 0x1AE0000;  MISO: 0x3FEFFFF
5.271840920000000,SPI,MOSI: 0x1AF0000;  MISO: 0x3FEFFFF
5.279867020000000,SPI,MOSI: 0x1B00000;  MISO: 0x3FEFFFF
5.283876080000000,SPI,MOSI: 0x1B10000;  MISO: 0x3FEFFFF
5.287888140000000,SPI,MOSI: 0x1B20000;  MISO: 0x3FEFFFF
5.291900180000000,SPI,MOSI: 0x1B30000;  MISO: 0x3FEFFFF
5.299927300000000,SPI,MOSI: 0x1B40000;  MISO: 0x3FEFFFF
5.303936340000000,SPI,MOSI: 0x1B50000;  MISO: 0x3FEFFFF
5.307947400000000,SPI,MOSI: 0x1B60000;  MISO: 0x3FEFFFF
5.311958460000000,SPI,MOSI: 0x1B70000;  MISO: 0x3FEFFFF
5.319986560000000,SPI,MOSI: 0x1B80000;  MISO: 0x3FEFFFF
5.323995620000000,SPI,MOSI: 0x1B90000;  MISO: 0x3FEFFFF
5.328005680000000,SPI,MOSI: 0x1BA0000;  MISO: 0x3FEFFFF
5.332021720000000,SPI,MOSI: 0x1BB0000;  MISO: 0x3FEFFFF
5.340047820000000,SPI,MOSI: 0x1BC0000;  MISO: 0x3FEE2FF
5.344056880000000,SPI,MOSI: 0x1BD0000;  MISO: 0x3FEFFFF
5.348067940000000,SPI,MOSI: 0x1BE0000;  MISO: 0x3FEFFFF
5.352082000000000,SPI,MOSI: 0x1BF0000;  MISO: 0x3FEFFFF
5.360107100000000,SPI,MOSI: 0x1800000;  MISO: 0x3FEFFFF
5.364114160000000,SPI,MOSI: 0x1810000;  MISO: 0x3FEFFFF
5.368129200000000,SPI,MOSI: 0x1820000;  MISO: 0x3FEFFFF
5.372142260000000,SPI,MOSI: 0x1830000;  MISO: 0x3FEFFFF
5.380167360000000,SPI,MOSI: 0x1840000;  MISO: 0x3FEFFFF
5.384176420000000,SPI,MOSI: 0x1850000;  MISO: 0x3FEFFFF
5.388189480000000,SPI,MOSI: 0x1860000;  MISO: 0x3FEFFFF
5.392202520000000,SPI,MOSI: 0x1870000;  MISO: 0x3FEFFFF
5.400228640000000,SPI,MOSI: 0x1880000;  MISO: 0x3FEFFFF
5.404236680000000,SPI,MOSI: 0x1890000;  MISO: 0x3FEFFFF
5.408249740000000,SPI,MOSI: 0x18A0000;  MISO: 0x3FEFFFF
5.412262800000000,SPI,MOSI: 0x18B0000;  MISO: 0x3FEFFFF
5.420288900000000,SPI,MOSI: 0x18C0000;  MISO: 0x3FEFFFF
5.424297960000000,SPI,MOSI: 0x18D0000;  MISO: 0x3FEFFFF
5.428310000000000,SPI,MOSI: 0x18E0000;  MISO: 0x3FEFFFF
5.432323060000000,SPI,MOSI: 0x18F0000;  MISO: 0x3FEFFFF
5.440349160000000,SPI,MOSI: 0x1900000;  MISO: 0x3FE0010
5.444358220000000,SPI,MOSI: 0x1910000;  MISO: 0x3FEA707
5.448367280000000,SPI,MOSI: 0x1920000;  MISO: 0x3FEDA99
5.452382320000000,SPI,MOSI: 0x1930000;  MISO: 0x3FEB0CA
5.460457380000000,SPI,MOSI: 0x1940000;  MISO: 0x3FEFF9D
5.464466440000000,SPI,MOSI: 0x1950000;  MISO: 0x3FEFD00
5.468478500000000,SPI,MOSI: 0x1960000;  MISO: 0x3FE5EF1
5.472491540000000,SPI,MOSI: 0x1970000;  MISO: 0x3FEFF4E
5.480520660000000,SPI,MOSI: 0x1980000;  MISO: 0x3FEFFFF
5.484529700000000,SPI,MOSI: 0x1990000;  MISO: 0x3FEFFFF
5.548662620000000,SPI,MOSI: 0x19A0000;  MISO: 0x3FEFFFF
5.552678680000000,SPI,MOSI: 0x19B0000;  MISO: 0x3FEFFFF
5.560704780000000,SPI,MOSI: 0x19C0000;  MISO: 0x3FEFFFF
5.564711840000000,SPI,MOSI: 0x19D0000;  MISO: 0x3FEFFFF
5.568725900000000,SPI,MOSI: 0x19E0000;  MISO: 0x3FEFFFF
5.572738940000000,SPI,MOSI: 0x19F0000;  MISO: 0x3FEFFFF
5.580765060000000,SPI,MOSI: 0x1A00000;  MISO: 0x3FEFFFF
5.584775120000000,SPI,MOSI: 0x1A10000;  MISO: 0x3FEFFFF
5.588786160000000,SPI,MOSI: 0x1A20000;  MISO: 0x3FEFFFF
5.592799220000000,SPI,MOSI: 0x1A30000;  MISO: 0x3FEFFFF
5.600825320000000,SPI,MOSI: 0x1A40000;  MISO: 0x3FEFFFF
5.604834380000000,SPI,MOSI: 0x1A50000;  MISO: 0x3FEFFFF
5.608847440000000,SPI,MOSI: 0x1A60000;  MISO: 0x3FEFFFF
5.612859500000000,SPI,MOSI: 0x1A70000;  MISO: 0x3FEFFFF
5.620885600000000,SPI,MOSI: 0x1A80000;  MISO: 0x3FEFFFF
5.624894660000000,SPI,MOSI: 0x1A90000;  MISO: 0x3FEFFFF
5.628907720000000,SPI,MOSI: 0x1AA0000;  MISO: 0x3FEFFFF
5.632920760000000,SPI,MOSI: 0x1AB0000;  MISO: 0x3FEFFFF
5.640945880000000,SPI,MOSI: 0x1AC0000;  MISO: 0x3FEFFFF
5.644959920000000,SPI,MOSI: 0x1AD0000;  MISO: 0x3FEFFFF
5.648972980000000,SPI,MOSI: 0x1AE0000;  MISO: 0x3FEFFFF
5.652985020000000,SPI,MOSI: 0x1AF0000;  MISO: 0x3FEFFFF
5.661012140000000,SPI,MOSI: 0x1B00000;  MISO: 0x3FEFFFF
5.665021200000000,SPI,MOSI: 0x1B10000;  MISO: 0x3FEFFFF
5.669030240000000,SPI,MOSI: 0x1B20000;  MISO: 0x3FEFFFF
5.673046300000000,SPI,MOSI: 0x1B30000;  MISO: 0x3FEFFFF
5.681072400000000,SPI,MOSI: 0x1B40000;  MISO: 0x3FEFFFF
5.685081460000000,SPI,MOSI: 0x1B50000;  MISO: 0x3FEFFFF
5.689093520000000,SPI,MOSI: 0x1B60000;  MISO: 0x3FEFFFF
5.693105560000000,SPI,MOSI: 0x1B70000;  MISO: 0x3FEFFFF
5.701132680000000,SPI,MOSI: 0x1B80000;  MISO: 0x3FEFFFF
5.705140740000000,SPI,MOSI: 0x1B90000;  MISO: 0x3FEFFFF
5.709152780000000,SPI,MOSI: 0x1BA0000;  MISO: 0x3FEFFFF
5.713165840000000,SPI,MOSI: 0x1BB0000;  MISO: 0x3FEFFFF
5.721191940000000,SPI,MOSI: 0x1BC0000;  MISO: 0x3FEE2FF
5.725201000000000,SPI,MOSI: 0x1BD0000;  MISO: 0x3FEFFFF
5.729213060000000,SPI,MOSI: 0x1BE0000;  MISO: 0x3FEFFFF
5.733227100000000,SPI,MOSI: 0x1BF0000;  MISO: 0x3FEFFFF
5.741252220000000,SPI,MOSI: 0x1800000;  MISO: 0x3FEFFFF
5.745261260000000,SPI,MOSI: 0x1810000;  MISO: 0x3FEFFFF
5.749273320000000,SPI,MOSI: 0x1820000;  MISO: 0x3FEFFFF
5.753286380000000,SPI,MOSI: 0x1830000;  MISO: 0x3FEFFFF
5.761312480000000,SPI,MOSI: 0x1840000;  MISO: 0x3FEFFFF
5.765321540000000,SPI,MOSI: 0x1850000;  MISO: 0x3FEFFFF
5.769334580000000,SPI,MOSI: 0x1860000;  MISO: 0x3FEFFFF
5.773346640000000,SPI,MOSI: 0x1870000;  MISO: 0x3FEFFFF
5.781372740000000,SPI,MOSI: 0x1880000;  MISO: 0x3FEFFFF
5.785382800000000,SPI,MOSI: 0x1890000;  MISO: 0x3FEFFFF
5.789393860000000,SPI,MOSI: 0x18A0000;  MISO: 0x3FEFFFF
5.793407900000000,SPI,MOSI: 0x18B0000;  MISO: 0x3FEFFFF
5.801433020000000,SPI,MOSI: 0x18C0000;  MISO: 0x3FEFFFF
5.805442080000000,SPI,MOSI: 0x18D0000;  MISO: 0x3FEFFFF
5.809455120000000,SPI,MOSI: 0x18E0000;  MISO: 0x3FEFFFF
5.813468180000000,SPI,MOSI: 0x18F0000;  MISO: 0x3FEFFFF
5.821493280000000,SPI,MOSI: 0x1900000;  MISO: 0x3FE0010
5.825502340000000,SPI,MOSI: 0x1910000;  MISO: 0x3FEA707
5.829515400000000,SPI,MOSI: 0x1920000;  MISO: 0x3FEDA99
5.833528440000000,SPI,MOSI: 0x1930000;  MISO: 0x3FEB0CA
5.841553560000000,SPI,MOSI: 0x1940000;  MISO: 0x3FEFF9D
5.845563600000000,SPI,MOSI: 0x1950000;  MISO: 0x3FEFD00
5.849575660000000,SPI,MOSI: 0x1960000;  MISO: 0x3FE5EF1
5.853588720000000,SPI,MOSI: 0x1970000;  MISO: 0x3FEFF4E
5.861613820000000,SPI,MOSI: 0x1980000;  MISO: 0x3FEFFFF
5.865622880000000,SPI,MOSI: 0x1990000;  MISO: 0x3FEFFFF
5.869634940000000,SPI,MOSI: 0x19A0000;  MISO: 0x3FEFFFF
5.873647980000000,SPI,MOSI: 0x19B0000;  MISO: 0x3FEFFFF
5.881675080000000,SPI,MOSI: 0x19C0000;  MISO: 0x3FEFFFF
5.885683140000000,SPI,MOSI: 0x19D0000;  MISO: 0x3FEFFFF
5.889696200000000,SPI,MOSI: 0x19E0000;  MISO: 0x3FEFFFF
5.893709260000000,SPI,MOSI: 0x19F0000;  MISO: 0x3FEFFFF
5.901734360000000,SPI,MOSI: 0x1A00000;  MISO: 0x3FEFFFF
5.905743420000000,SPI,MOSI: 0x1A10000;  MISO: 0x3FEFFFF
5.909756460000000,SPI,MOSI: 0x1A20000;  MISO: 0x3FEFFFF
5.913766520000000,SPI,MOSI: 0x1A30000;  MISO: 0x3FEFFFF
5.921795620000000,SPI,MOSI: 0x1A40000;  MISO: 0x3FEFFFF
5.925803680000000,SPI,MOSI: 0x1A50000;  MISO: 0x3FEFFFF
5.929815740000000,SPI,MOSI: 0x1A60000;  MISO: 0x3FEFFFF
5.933828800000000,SPI,MOSI: 0x1A70000;  MISO: 0x3FEFFFF
5.941855900000000,SPI,MOSI: 0x1A80000;  MISO: 0x3FEFFFF
5.945863960000000,SPI,MOSI: 0x1A90000;  MISO: 0x3FEFFFF
5.949876000000000,SPI,MOSI: 0x1AA0000;  MISO: 0x3FEFFFF
5.953889060000000,SPI,MOSI: 0x1AB0000;  MISO: 0x3FEFFFF
5.961915160000000,SPI,MOSI: 0x1AC0000;  MISO: 0x3FEFFFF
5.965924220000000,SPI,MOSI: 0x1AD0000;  MISO: 0x3FEFFFF
5.969936280000000,SPI,MOSI: 0x1AE0000;  MISO: 0x3FEFFFF
5.973950320000000,SPI,MOSI: 0x1AF0000;  MISO: 0x3FEFFFF
5.981976440000000,SPI,MOSI: 0x1B00000;  MISO: 0x3FEFFFF
5.985984500000000,SPI,MOSI: 0x1B10000;  MISO: 0x3FEFFFF
5.989996540000000,SPI,MOSI: 0x1B20000;  MISO: 0x3FEFFFF
5.994007600000000,SPI,MOSI: 0x1B30000;  MISO: 0x3FEFFFF
6.002035700000000,SPI,MOSI: 0x1B40000;  MISO: 0x3FEFFFF
6.006045760000000,SPI,MOSI: 0x1B50000;  MISO: 0x3FEFFFF
6.010057820000000,SPI,MOSI: 0x1B60000;  MISO: 0x3FEFFFF
6.014070860000000,SPI,MOSI: 0x1B70000;  MISO: 0x3FEFFFF
6.022096980000000,SPI,MOSI: 0x1B80000;  MISO: 0x3FEFFFF
6.026105020000000,SPI,MOSI: 0x1B90000;  MISO: 0x3FEFFFF
6.030117080000000,SPI,MOSI: 0x1BA0000;  MISO: 0x3FEFFFF
6.034130140000000,SPI,MOSI: 0x1BB0000;  MISO: 0x3FEFFFF
6.042156240000000,SPI,MOSI: 0x1BC0000;  MISO: 0x3FEE2FF
6.046165300000000,SPI,MOSI: 0x1BD0000;  MISO: 0x3FEFFFF
6.050178360000000,SPI,MOSI: 0x1BE0000;  MISO: 0x3FEFFFF
6.054190400000000,SPI,MOSI: 0x1BF0000;  MISO: 0x3FEFFFF
6.062217520000000,SPI,MOSI: 0x1800000;  MISO: 0x3FEFFFF
6.066225560000000,SPI,MOSI: 0x1810000;  MISO: 0x3FEFFFF
6.070237620000000,SPI,MOSI: 0x1820000;  MISO: 0x3FEFFFF
6.074250680000000,SPI,MOSI: 0x1830000;  MISO: 0x3FEFFFF
6.082276780000000,SPI,MOSI: 0x1840000;  MISO: 0x3FEFFFF
6.086285840000000,SPI,MOSI: 0x1850000;  MISO: 0x3FEFFFF
6.090298880000000,SPI,MOSI: 0x1860000;  MISO: 0x3FEFFFF
6.094310940000000,SPI,MOSI: 0x1870000;  MISO: 0x3FEFFFF
6.102338040000000,SPI,MOSI: 0x1880000;  MISO: 0x3FEFFFF
6.106347100000000,SPI,MOSI: 0x1890000;  MISO: 0x3FEFFFF
6.110359160000000,SPI,MOSI: 0x18A0000;  MISO: 0x3FEFFFF
6.114371220000000,SPI,MOSI: 0x18B0000;  MISO: 0x3FEFFFF
6.122397320000000,SPI,MOSI: 0x18C0000;  MISO: 0x3FEFFFF
6.126406380000000,SPI,MOSI: 0x18D0000;  MISO: 0x3FEFFFF
6.130419420000000,SPI,MOSI: 0x18E0000;  MISO: 0x3FEFFFF
6.134431480000000,SPI,MOSI: 0x18F0000;  MISO: 0x3FEFFFF
6.142458580000000,SPI,MOSI: 0x1900000;  MISO: 0x3FE0010
6.146467640000000,SPI,MOSI: 0x1910000;  MISO: 0x3FEA707
6.150478700000000,SPI,MOSI: 0x1920000;  MISO: 0x3FEDA99
6.154491760000000,SPI,MOSI: 0x1930000;  MISO: 0x3FEB0CA
6.162517860000000,SPI,MOSI: 0x1940000;  MISO: 0x3FEFF9D
6.166527920000000,SPI,MOSI: 0x1950000;  MISO: 0x3FEFD00
6.170539960000000,SPI,MOSI: 0x1960000;  MISO: 0x3FE5EF1
6.174552020000000,SPI,MOSI: 0x1970000;  MISO: 0x3FEFF4E
6.182578120000000,SPI,MOSI: 0x1980000;  MISO: 0x3FEFFFF
6.186587180000000,SPI,MOSI: 0x1990000;  MISO: 0x3FEFFFF
6.190599240000000,SPI,MOSI: 0x19A0000;  MISO: 0x3FEFFFF
6.194613280000000,SPI,MOSI: 0x19B0000;  MISO: 0x3FEFFFF
6.202634400000000,SPI,MOSI: 0x19C0000;  MISO: 0x3FEFFFF
6.206647460000000,SPI,MOSI: 0x19D0000;  MISO: 0x3FEFFFF
6.210659500000000,SPI,MOSI: 0x19E0000;  MISO: 0x3FEFFFF
6.214672560000000,SPI,MOSI: 0x19F0000;  MISO: 0x3FEFFFF
6.222698660000000,SPI,MOSI: 0x1A00000;  MISO: 0x3FEFFFF
6.226707720000000,SPI,MOSI: 0x1A10000;  MISO: 0x3FEFFFF
6.230720780000000,SPI,MOSI: 0x1A20000;  MISO: 0x3FEFFFF
6.234732820000000,SPI,MOSI: 0x1A30000;  MISO: 0x3FEFFFF
6.242758940000000,SPI,MOSI: 0x1A40000;  MISO: 0x3FEFFFF
6.246768000000000,SPI,MOSI: 0x1A50000;  MISO: 0x3FEFFFF
6.250781040000000,SPI,MOSI: 0x1A60000;  MISO: 0x3FEFFFF
6.254794100000000,SPI,MOSI: 0x1A70000;  MISO: 0x3FEFFFF
6.262820200000000,SPI,MOSI: 0x1A80000;  MISO: 0x3FEFFFF
6.266829260000000,SPI,MOSI: 0x1A90000;  MISO: 0x3FEFFFF
6.270840320000000,SPI,MOSI: 0x1AA0000;  MISO: 0x3FEFFFF
6.274853360000000,SPI,MOSI: 0x1AB0000;  MISO: 0x3FEFFFF
6.282879480000000,SPI,MOSI: 0x1AC0000;  MISO: 0x3FEFFFF
6.286888540000000,SPI,MOSI: 0x1AD0000;  MISO: 0x3FEFFFF
6.290900580000000,SPI,MOSI: 0x1AE0000;  MISO: 0x3FEFFFF
6.294914640000000,SPI,MOSI: 0x1AF0000;  MISO: 0x3FEFFFF
6.302939740000000,SPI,MOSI: 0x1B00000;  MISO: 0x3FEFFFF
6.306948800000000,SPI,MOSI: 0x1B10000;  MISO: 0x3FEFFFF
6.310960860000000,SPI,MOSI: 0x1B20000;  MISO: 0x3FEFFFF
6.314974900000000,SPI,MOSI: 0x1B30000;  MISO: 0x3FEFFFF
6.323000020000000,SPI,MOSI: 0x1B40000;  MISO: 0x3FEFFFF
6.327009060000000,SPI,MOSI: 0x1B50000;  MISO: 0x3FEFFFF
6.331022120000000,SPI,MOSI: 0x1B60000;  MISO: 0x3FEFFFF
6.335035180000000,SPI,MOSI: 0x1B70000;  MISO: 0x3FEFFFF
6.343060280000000,SPI,MOSI: 0x1B80000;  MISO: 0x3FEFFFF
6.347069340000000,SPI,MOSI: 0x1B90000;  MISO: 0x3FEFFFF
6.351082400000000,SPI,MOSI: 0x1BA0000;  MISO: 0x3FEFFFF
6.355094440000000,SPI,MOSI: 0x1BB0000;  MISO: 0x3FEFFFF
6.363120560000000,SPI,MOSI: 0x1BC0000;  MISO: 0x3FEE2FF
6.367129600000000,SPI,MOSI: 0x1BD0000;  MISO: 0x3FEFFFF
6.371142660000000,SPI,MOSI: 0x1BE0000;  MISO: 0x3FEFFFF
6.375155720000000,SPI,MOSI: 0x1BF0000;  MISO: 0x3FEFFFF
6.383180820000000,SPI,MOSI: 0x1800000;  MISO: 0x3FEFFFF
6.387190880000000,SPI,MOSI: 0x1810000;  MISO: 0x3FEFFFF
6.391202940000000,SPI,MOSI: 0x1820000;  MISO: 0x3FEFFFF
6.395215980000000,SPI,MOSI: 0x1830000;  MISO: 0x3FEFFFF
6.403242100000000,SPI,MOSI: 0x1840000;  MISO: 0x3FEFFFF
6.407251140000000,SPI,MOSI: 0x1850000;  MISO: 0x3FEFFFF
6.411262200000000,SPI,MOSI: 0x1860000;  MISO: 0x3FEFFFF
6.415275260000000,SPI,MOSI: 0x1870000;  MISO: 0x3FEFFFF
6.423301360000000,SPI,MOSI: 0x1880000;  MISO: 0x3FEFFFF
6.427310420000000,SPI,MOSI: 0x1890000;  MISO: 0x3FEFFFF
6.431323480000000,SPI,MOSI: 0x18A0000;  MISO: 0x3FEFFFF
6.435336520000000,SPI,MOSI: 0x18B0000;  MISO: 0x3FEFFFF
6.443361640000000,SPI,MOSI: 0x18C0000;  MISO: 0x3FEFFFF
6.447371680000000,SPI,MOSI: 0x18D0000;  MISO: 0x3FEFFFF
6.451383740000000,SPI,MOSI: 0x18E0000;  MISO: 0x3FEFFFF
6.455395800000000,SPI,MOSI: 0x18F0000;  MISO: 0x3FEFFFF
6.463422900000000,SPI,MOSI: 0x1900000;  MISO: 0x3FE0010
6.467431960000000,SPI,MOSI: 0x1910000;  MISO: 0x3FEA707
6.471444020000000,SPI,MOSI: 0x1920000;  MISO: 0x3FEDA99
6.475456060000000,SPI,MOSI: 0x1930000;  MISO: 0x3FEB0CA
6.483482180000000,SPI,MOSI: 0x1940000;  MISO: 0x3FEFF9D
6.487491220000000,SPI,MOSI: 0x1950000;  MISO: 0x3FEFD00
6.491503280000000,SPI,MOSI: 0x1960000;  MISO: 0x3FE5EF1
6.495516340000000,SPI,MOSI: 0x1970000;  MISO: 0x3FEFF4E
6.503543440000000,SPI,MOSI: 0x1980000;  MISO: 0x3FEFFFF
6.507552500000000,SPI,MOSI: 0x1990000;  MISO: 0x3FEFFFF
6.511563560000000,SPI,MOSI: 0x19A0000;  MISO: 0x3FEFFFF
6.515576600000000,SPI,MOSI: 0x19B0000;  MISO: 0x3FEFFFF
6.523602720000000,SPI,MOSI: 0x19C0000;  MISO: 0x3FEFFFF
6.527611760000000,SPI,MOSI: 0x19D0000;  MISO: 0x3FEFFFF
6.531623820000000,SPI,MOSI: 0x19E0000;  MISO: 0x3FEFFFF
6.535637880000000,SPI,MOSI: 0x19F0000;  MISO: 0x3FEFFFF
6.543662980000000,SPI,MOSI: 0x1A00000;  MISO: 0x3FEFFFF
6.547673040000000,SPI,MOSI: 0x1A10000;  MISO: 0x3FEFFFF
6.551684100000000,SPI,MOSI: 0x1A20000;  MISO: 0x3FEFFFF
6.555697140000000,SPI,MOSI: 0x1A30000;  MISO: 0x3FEFFFF
6.563723260000000,SPI,MOSI: 0x1A40000;  MISO: 0x3FEFFFF
6.567732320000000,SPI,MOSI: 0x1A50000;  MISO: 0x3FEFFFF
6.571744360000000,SPI,MOSI: 0x1A60000;  MISO: 0x3FEFFFF
6.575757420000000,SPI,MOSI: 0x1A70000;  MISO: 0x3FEFFFF
6.583784520000000,SPI,MOSI: 0x1A80000;  MISO: 0x3FEFFFF
6.587792580000000,SPI,MOSI: 0x1A90000;  MISO: 0x3FEFFFF
6.591805640000000,SPI,MOSI: 0x1AA0000;  MISO: 0x3FEFFFF
6.595817680000000,SPI,MOSI: 0x1AB0000;  MISO: 0x3FEFFFF
6.603844800000000,SPI,MOSI: 0x1AC0000;  MISO: 0x3FEFFFF
6.607853840000000,SPI,MOSI: 0x1AD0000;  MISO: 0x3FEFFFF
6.611865900000000,SPI,MOSI: 0x1AE0000;  MISO: 0x3FEFFFF
6.615878960000000,SPI,MOSI: 0x1AF0000;  MISO: 0x3FEFFFF
6.623905060000000,SPI,MOSI: 0x1B00000;  MISO: 0x3FEFFFF
6.627913120000000,SPI,MOSI: 0x1B10000;  MISO: 0x3FEFFFF
6.631925180000000,SPI,MOSI: 0x1B20000;  MISO: 0x3FEFFFF
6.635938220000000,SPI,MOSI: 0x1B30000;  MISO: 0x3FEFFFF
6.643964340000000,SPI,MOSI: 0x1B40000;  MISO: 0x3FEFFFF
6.647973400000000,SPI,MOSI: 0x1B50000;  MISO: 0x3FEFFFF
6.651985440000000,SPI,MOSI: 0x1B60000;  MISO: 0x3FEFFFF
6.655998500000000,SPI,MOSI: 0x1B70000;  MISO: 0x3FEFFFF
6.664025600000000,SPI,MOSI: 0x1B80000;  MISO: 0x3FEFFFF
6.668034660000000,SPI,MOSI: 0x1B90000;  MISO: 0x3FEFFFF
6.672046720000000,SPI,MOSI: 0x1BA0000;  MISO: 0x3FEFFFF
6.676059760000000,SPI,MOSI: 0x1BB0000;  MISO: 0x3FEFFFF
6.684084880000000,SPI,MOSI: 0x1BC0000;  MISO: 0x3FEE2FF
6.688093940000000,SPI,MOSI: 0x1BD0000;  MISO: 0x3FEFFFF
6.692105980000000,SPI,MOSI: 0x1BE0000;  MISO: 0x3FEFFFF
6.696120040000000,SPI,MOSI: 0x1BF0000;  MISO: 0x3FEFFFF
6.704146140000000,SPI,MOSI: 0x1800000;  MISO: 0x3FEFFFF
6.708154200000000,SPI,MOSI: 0x1810000;  MISO: 0x3FEFFFF
6.712166260000000,SPI,MOSI: 0x1820000;  MISO: 0x3FEFFFF
6.716179320000000,SPI,MOSI: 0x1830000;  MISO: 0x3FEFFFF
6.724205420000000,SPI,MOSI: 0x1840000;  MISO: 0x3FEFFFF
6.728214480000000,SPI,MOSI: 0x1850000;  MISO: 0x3FEFFFF
6.732227520000000,SPI,MOSI: 0x1860000;  MISO: 0x3FEFFFF
6.736239580000000,SPI,MOSI: 0x1870000;  MISO: 0x3FEFFFF
6.744266680000000,SPI,MOSI: 0x1880000;  MISO: 0x3FEFFFF
6.748275740000000,SPI,MOSI: 0x1890000;  MISO: 0x3FEFFFF
6.752286800000000,SPI,MOSI: 0x18A0000;  MISO: 0x3FEFFFF
6.756300860000000,SPI,MOSI: 0x18B0000;  MISO: 0x3FEFFFF
6.764325960000000,SPI,MOSI: 0x18C0000;  MISO: 0x3FEFFFF
6.768336020000000,SPI,MOSI: 0x18D0000;  MISO: 0x3FEFFFF
6.772348060000000,SPI,MOSI: 0x18E0000;  MISO: 0x3FEFFFF
6.776360120000000,SPI,MOSI: 0x18F0000;  MISO: 0x3FEFFFF
6.784387220000000,SPI,MOSI: 0x1900000;  MISO: 0x3FE0010
6.788396280000000,SPI,MOSI: 0x1910000;  MISO: 0x3FEA707
6.792407340000000,SPI,MOSI: 0x1920000;  MISO: 0x3FEDA99
6.796420400000000,SPI,MOSI: 0x1930000;  MISO: 0x3FEB0CA
6.804446500000000,SPI,MOSI: 0x1940000;  MISO: 0x3FEFF9D
6.808456560000000,SPI,MOSI: 0x1950000;  MISO: 0x3FEFD00
6.812467620000000,SPI,MOSI: 0x1960000;  MISO: 0x3FE5EF1
6.816480660000000,SPI,MOSI: 0x1970000;  MISO: 0x3FEFF4E
6.824506780000000,SPI,MOSI: 0x1980000;  MISO: 0x3FEFFFF
6.828515820000000,SPI,MOSI: 0x1990000;  MISO: 0x3FEFFFF
6.832527880000000,SPI,MOSI: 0x19A0000;  MISO: 0x3FEFFFF
6.836540940000000,SPI,MOSI: 0x19B0000;  MISO: 0x3FEFFFF
6.844567040000000,SPI,MOSI: 0x19C0000;  MISO: 0x3FEFFFF
6.848576100000000,SPI,MOSI: 0x19D0000;  MISO: 0x3FEFFFF
6.852588160000000,SPI,MOSI: 0x19E0000;  MISO: 0x3FEFFFF
6.856601200000000,SPI,MOSI: 0x19F0000;  MISO: 0x3FEFFFF
6.864628320000000,SPI,MOSI: 0x1A00000;  MISO: 0x3FEFFFF
6.868637380000000,SPI,MOSI: 0x1A10000;  MISO: 0x3FEFFFF
6.872648420000000,SPI,MOSI: 0x1A20000;  MISO: 0x3FEFFFF
6.876661480000000,SPI,MOSI: 0x1A30000;  MISO: 0x3FEFFFF
6.884688580000000,SPI,MOSI: 0x1A40000;  MISO: 0x3FEFFFF
6.888696640000000,SPI,MOSI: 0x1A50000;  MISO: 0x3FEFFFF
6.892709700000000,SPI,MOSI: 0x1A60000;  MISO: 0x3FEFFFF
6.896721740000000,SPI,MOSI: 0x1A70000;  MISO: 0x3FEFFFF
6.904748860000000,SPI,MOSI: 0x1A80000;  MISO: 0x3FEFFFF
6.908756920000000,SPI,MOSI: 0x1A90000;  MISO: 0x3FEFFFF
6.912766980000000,SPI,MOSI: 0x1AA0000;  MISO: 0x3FEFFFF
6.916782020000000,SPI,MOSI: 0x1AB0000;  MISO: 0x3FEFFFF
6.924808120000000,SPI,MOSI: 0x1AC0000;  MISO: 0x3FEFFFF
6.928817180000000,SPI,MOSI: 0x1AD0000;  MISO: 0x3FEFFFF
6.932829240000000,SPI,MOSI: 0x1AE0000;  MISO: 0x3FEFFFF
6.936843300000000,SPI,MOSI: 0x1AF0000;  MISO: 0x3FEFFFF
6.944869400000000,SPI,MOSI: 0x1B00000;  MISO: 0x3FEFFFF
6.948877460000000,SPI,MOSI: 0x1B10000;  MISO: 0x3FEFFFF
6.952889520000000,SPI,MOSI: 0x1B20000;  MISO: 0x3FEFFFF
6.956902560000000,SPI,MOSI: 0x1B30000;  MISO: 0x3FEFFFF
6.964928680000000,SPI,MOSI: 0x1B40000;  MISO: 0x3FEFFFF
6.968937720000000,SPI,MOSI: 0x1B50000;  MISO: 0x3FEFFFF
6.972949780000000,SPI,MOSI: 0x1B60000;  MISO: 0x3FEFFFF
6.976960840000000,SPI,MOSI: 0x1B70000;  MISO: 0x3FEFFFF
6.984989940000000,SPI,MOSI: 0x1B80000;  MISO: 0x3FEFFFF
6.988998000000000,SPI,MOSI: 0x1B90000;  MISO: 0x3FEFFFF
6.993010060000000,SPI,MOSI: 0x1BA0000;  MISO: 0x3FEFFFF
6.997023100000000,SPI,MOSI: 0x1BB0000;  MISO: 0x3FEFFFF
7.005049220000000,SPI,MOSI: 0x1BC0000;  MISO: 0x3FEE2FF
7.009058280000000,SPI,MOSI: 0x1BD0000;  MISO: 0x3FEFFFF
7.013070320000000,SPI,MOSI: 0x1BE0000;  MISO: 0x3FEFFFF
7.017083380000000,SPI,MOSI: 0x1BF0000;  MISO: 0x3FEFFFF
7.025109480000000,SPI,MOSI: 0x1800000;  MISO: 0x3FEFFFF
7.029118540000000,SPI,MOSI: 0x1810000;  MISO: 0x3FEFFFF
7.033130600000000,SPI,MOSI: 0x1820000;  MISO: 0x3FEFFFF
7.037143660000000,SPI,MOSI: 0x1830000;  MISO: 0x3FEFFFF
7.045169760000000,SPI,MOSI: 0x1840000;  MISO: 0x3FEFFFF
7.049178820000000,SPI,MOSI: 0x1850000;  MISO: 0x3FEFFFF
7.053191860000000,SPI,MOSI: 0x1860000;  MISO: 0x3FEFFFF
7.057201920000000,SPI,MOSI: 0x1870000;  MISO: 0x3FEFFFF
7.065231020000000,SPI,MOSI: 0x1880000;  MISO: 0x3FEFFFF
7.069240080000000,SPI,MOSI: 0x1890000;  MISO: 0x3FEFFFF
7.073249140000000,SPI,MOSI: 0x18A0000;  MISO: 0x3FEFFFF
7.077264200000000,SPI,MOSI: 0x18B0000;  MISO: 0x3FEFFFF
7.085290300000000,SPI,MOSI: 0x18C0000;  MISO: 0x3FEFFFF
7.089300360000000,SPI,MOSI: 0x18D0000;  MISO: 0x3FEFFFF
7.093312420000000,SPI,MOSI: 0x18E0000;  MISO: 0x3FEFFFF
7.097324460000000,SPI,MOSI: 0x18F0000;  MISO: 0x3FEFFFF
7.105351580000000,SPI,MOSI: 0x1900000;  MISO: 0x3FE0010
7.109360620000000,SPI,MOSI: 0x1910000;  MISO: 0x3FEA707
7.113371680000000,SPI,MOSI: 0x1920000;  MISO: 0x3FEDA99
7.117384740000000,SPI,MOSI: 0x1930000;  MISO: 0x3FEB0CA
7.125410840000000,SPI,MOSI: 0x1940000;  MISO: 0x3FEFF9D
7.129420900000000,SPI,MOSI: 0x1950000;  MISO: 0x3FEFD00
7.133432960000000,SPI,MOSI: 0x1960000;  MISO: 0x3FE5EF1
7.137445000000000,SPI,MOSI: 0x1970000;  MISO: 0x3FEFF4E
7.145471120000000,SPI,MOSI: 0x1980000;  MISO: 0x3FEFFFF
7.149480180000000,SPI,MOSI: 0x1990000;  MISO: 0x3FEFFFF
7.153492220000000,SPI,MOSI: 0x19A0000;  MISO: 0x3FEFFFF
7.157506280000000,SPI,MOSI: 0x19B0000;  MISO: 0x3FEFFFF
7.165531380000000,SPI,MOSI: 0x19C0000;  MISO: 0x3FEFFFF
7.169540440000000,SPI,MOSI: 0x19D0000;  MISO: 0x3FEFFFF
7.173553500000000,SPI,MOSI: 0x19E0000;  MISO: 0x3FEFFFF
7.177566560000000,SPI,MOSI: 0x19F0000;  MISO: 0x3FEFFFF
7.185591660000000,SPI,MOSI: 0x1A00000;  MISO: 0x3FEFFFF
7.189600720000000,SPI,MOSI: 0x1A10000;  MISO: 0x3FEFFFF
7.193612780000000,SPI,MOSI: 0x1A20000;  MISO: 0x3FEFFFF
7.197625820000000,SPI,MOSI: 0x1A30000;  MISO: 0x3FEFFFF
7.205652940000000,SPI,MOSI: 0x1A40000;  MISO: 0x3FEFFFF
7.209661000000000,SPI,MOSI: 0x1A50000;  MISO: 0x3FEFFFF
7.213673040000000,SPI,MOSI: 0x1A60000;  MISO: 0x3FEFFFF
7.217684100000000,SPI,MOSI: 0x1A70000;  MISO: 0x3FEFFFF
7.225712200000000,SPI,MOSI: 0x1A80000;  MISO: 0x3FEFFFF
7.229722260000000,SPI,MOSI: 0x1A90000;  MISO: 0x3FEFFFF
7.233729320000000,SPI,MOSI: 0x1AA0000;  MISO: 0x3FEFFFF
7.237746380000000,SPI,MOSI: 0x1AB0000;  MISO: 0x3FEFFFF
7.245773480000000,SPI,MOSI: 0x1AC0000;  MISO: 0x3FEFFFF
7.249786540000000,SPI,MOSI: 0x1AD0000;  MISO: 0x3FEFFFF
7.253793600000000,SPI,MOSI: 0x1AE0000;  MISO: 0x3FEFFFF
7.257806640000000,SPI,MOSI: 0x1AF0000;  MISO: 0x3FEFFFF
7.265837740000000,SPI,MOSI: 0x1B00000;  MISO: 0x3FEFFFF
7.269842800000000,SPI,MOSI: 0x1B10000;  MISO: 0x3FEFFFF
7.273853860000000,SPI,MOSI: 0x1B20000;  MISO: 0x3FEFFFF
7.277866920000000,SPI,MOSI: 0x1B30000;  MISO: 0x3FEFFFF
7.285893020000000,SPI,MOSI: 0x1B40000;  MISO: 0x3FEFFFF
7.289902080000000,SPI,MOSI: 0x1B50000;  MISO: 0x3FEFFFF
7.293914140000000,SPI,MOSI: 0x1B60000;  MISO: 0x3FEFFFF
7.297932180000000,SPI,MOSI: 0x1B70000;  MISO: 0x3FEFFFF
7.305953300000000,SPI,MOSI: 0x1B80000;  MISO: 0x3FEFFFF
7.309962360000000,SPI,MOSI: 0x1B90000;  MISO: 0x3FEFFFF
7.313979400000000,SPI,MOSI: 0x1BA0000;  MISO: 0x3FEFFFF
7.317988460000000,SPI,MOSI: 0x1BB0000;  MISO: 0x3FEFFFF
7.326013560000000,SPI,MOSI: 0x1BC0000;  MISO: 0x3FEE2FF
7.330027620000000,SPI,MOSI: 0x1BD0000;  MISO: 0x3FEFFFF
7.334035680000000,SPI,MOSI: 0x1BE0000;  MISO: 0x3FEFFFF
7.338047740000000,SPI,MOSI: 0x1BF0000;  MISO: 0x3FEFFFF
7.346078840000000,SPI,MOSI: 0x1800000;  MISO: 0x3FEFFFF
7.350083900000000,SPI,MOSI: 0x1810000;  MISO: 0x3FEFFFF
7.354094960000000,SPI,MOSI: 0x1820000;  MISO: 0x3FEFFFF
7.358108000000000,SPI,MOSI: 0x1830000;  MISO: 0x3FEFFFF
7.366134120000000,SPI,MOSI: 0x1840000;  MISO: 0x3FEFFFF
7.370143180000000,SPI,MOSI: 0x1850000;  MISO: 0x3FEFFFF
7.374156220000000,SPI,MOSI: 0x1860000;  MISO: 0x3FEFFFF
7.378173280000000,SPI,MOSI: 0x1870000;  MISO: 0x3FEFFFF
7.386194380000000,SPI,MOSI: 0x1880000;  MISO: 0x3FEFFFF
7.390204440000000,SPI,MOSI: 0x1890000;  MISO: 0x3FEFFFF
7.394221500000000,SPI,MOSI: 0x18A0000;  MISO: 0x3FEFFFF
7.398229560000000,SPI,MOSI: 0x18B0000;  MISO: 0x3FEFFFF
7.406254660000000,SPI,MOSI: 0x18C0000;  MISO: 0x3FEFFFF
7.410269720000000,SPI,MOSI: 0x18D0000;  MISO: 0x3FEFFFF
7.414275780000000,SPI,MOSI: 0x18E0000;  MISO: 0x3FEFFFF
7.418288820000000,SPI,MOSI: 0x18F0000;  MISO: 0x3FEFFFF
7.426319920000000,SPI,MOSI: 0x1900000;  MISO: 0x3FE0010
7.430324980000000,SPI,MOSI: 0x1910000;  MISO: 0x3FEA707
7.434336040000000,SPI,MOSI: 0x1920000;  MISO: 0x3FEDA99
7.438349100000000,SPI,MOSI: 0x1930000;  MISO: 0x3FEB0CA
7.446376200000000,SPI,MOSI: 0x1940000;  MISO: 0x3FEFF9D
7.450384260000000,SPI,MOSI: 0x1950000;  MISO: 0x3FEFD00
7.454396320000000,SPI,MOSI: 0x1960000;  MISO: 0x3FE5EF1
7.458414360000000,SPI,MOSI: 0x1970000;  MISO: 0x3FEFF4E
7.466435480000000,SPI,MOSI: 0x1980000;  MISO: 0x3FEFFFF
7.470444540000000,SPI,MOSI: 0x1990000;  MISO: 0x3FEFFFF
7.474461580000000,SPI,MOSI: 0x19A0000;  MISO: 0x3FEFFFF
7.478469640000000,SPI,MOSI: 0x19B0000;  MISO: 0x3FEFFFF
7.486496760000000,SPI,MOSI: 0x19C0000;  MISO: 0x3FEFFFF
7.490514800000000,SPI,MOSI: 0x19D0000;  MISO: 0x3FEFFFF
7.494516860000000,SPI,MOSI: 0x19E0000;  MISO: 0x3FEFFFF
7.498529920000000,SPI,MOSI: 0x19F0000;  MISO: 0x3FEFFFF
7.506561020000000,SPI,MOSI: 0x1A00000;  MISO: 0x3FEFFFF
7.510565080000000,SPI,MOSI: 0x1A10000;  MISO: 0x3FEFFFF
7.514578140000000,SPI,MOSI: 0x1A20000;  MISO: 0x3FEFFFF
7.518591200000000,SPI,MOSI: 0x1A30000;  MISO: 0x3FEFFFF
7.526616300000000,SPI,MOSI: 0x1A40000;  MISO: 0x3FEFFFF
7.530625360000000,SPI,MOSI: 0x1A50000;  MISO: 0x3FEFFFF
7.534637420000000,SPI,MOSI: 0x1A60000;  MISO: 0x3FEFFFF
7.538655460000000,SPI,MOSI: 0x1A70000;  MISO: 0x3FEFFFF
7.546677580000000,SPI,MOSI: 0x1A80000;  MISO: 0x3FEFFFF
7.550685640000000,SPI,MOSI: 0x1A90000;  MISO: 0x3FEFFFF
7.554702680000000,SPI,MOSI: 0x1AA0000;  MISO: 0x3FEFFFF
7.558710740000000,SPI,MOSI: 0x1AB0000;  MISO: 0x3FEFFFF
7.566737840000000,SPI,MOSI: 0x1AC0000;  MISO: 0x3FEFFFF
7.570750900000000,SPI,MOSI: 0x1AD0000;  MISO: 0x3FEFFFF
7.574757960000000,SPI,MOSI: 0x1AE0000;  MISO: 0x3FEFFFF
7.578772020000000,SPI,MOSI: 0x1AF0000;  MISO: 0x3FEFFFF
7.586802120000000,SPI,MOSI: 0x1B00000;  MISO: 0x3FEFFFF
7.590807180000000,SPI,MOSI: 0x1B10000;  MISO: 0x3FEFFFF
7.594818240000000,SPI,MOSI: 0x1B20000;  MISO: 0x3FEFFFF
7.598831280000000,SPI,MOSI: 0x1B30000;  MISO: 0x3FEFFFF
7.606858400000000,SPI,MOSI: 0x1B40000;  MISO: 0x3FEFFFF
7.610866460000000,SPI,MOSI: 0x1B50000;  MISO: 0x3FEFFFF
7.614878500000000,SPI,MOSI: 0x1B60000;  MISO: 0x3FEFFFF
7.618896560000000,SPI,MOSI: 0x1B70000;  MISO: 0x3FEFFFF
7.626917660000000,SPI,MOSI: 0x1B80000;  MISO: 0x3FEFFFF
7.630975680000000,SPI,MOSI: 0x1B90000;  MISO: 0x3FEFFFF
7.634987740000000,SPI,MOSI: 0x1BA0000;  MISO: 0x3FEFFFF
7.639000780000000,SPI,MOSI: 0x1BB0000;  MISO: 0x3FEFFFF
7.647029880000000,SPI,MOSI: 0x1BC0000;  MISO: 0x3FEE2FF
7.651037940000000,SPI,MOSI: 0x1BD0000;  MISO: 0x3FEFFFF
7.655048000000000,SPI,MOSI: 0x1BE0000;  MISO: 0x3FEFFFF
7.711165820000000,SPI,MOSI: 0x1BF0000;  MISO: 0x3FEFFFF
7.719194920000000,SPI,MOSI: 0x1800000;  MISO: 0x3FEFFFF
7.723201980000000,SPI,MOSI: 0x1810000;  MISO: 0x3FEFFFF
7.727216040000000,SPI,MOSI: 0x1820000;  MISO: 0x3FEFFFF
7.731230100000000,SPI,MOSI: 0x1830000;  MISO: 0x3FEFFFF
7.739255200000000,SPI,MOSI: 0x1840000;  MISO: 0x3FEFFFF
7.743264260000000,SPI,MOSI: 0x1850000;  MISO: 0x3FEFFFF
7.747276320000000,SPI,MOSI: 0x1860000;  MISO: 0x3FEFFFF
7.751289360000000,SPI,MOSI: 0x1870000;  MISO: 0x3FEFFFF
7.759315480000000,SPI,MOSI: 0x1880000;  MISO: 0x3FEFFFF
7.763324540000000,SPI,MOSI: 0x1890000;  MISO: 0x3FEFFFF
7.767337580000000,SPI,MOSI: 0x18A0000;  MISO: 0x3FEFFFF
7.771350640000000,SPI,MOSI: 0x18B0000;  MISO: 0x3FEFFFF
7.779375760000000,SPI,MOSI: 0x18C0000;  MISO: 0x3FEFFFF
7.783385800000000,SPI,MOSI: 0x18D0000;  MISO: 0x3FEFFFF
7.787396860000000,SPI,MOSI: 0x18E0000;  MISO: 0x3FEFFFF
7.791409920000000,SPI,MOSI: 0x18F0000;  MISO: 0x3FEFFFF
7.799436020000000,SPI,MOSI: 0x1900000;  MISO: 0x3FE0010
7.803445080000000,SPI,MOSI: 0x1910000;  MISO: 0x3FEA707
7.807458140000000,SPI,MOSI: 0x1920000;  MISO: 0x3FEDA99
7.811470200000000,SPI,MOSI: 0x1930000;  MISO: 0x3FEB0CA
7.819497300000000,SPI,MOSI: 0x1940000;  MISO: 0x3FEFF9D
7.823506360000000,SPI,MOSI: 0x1950000;  MISO: 0x3FEFD00
7.827518400000000,SPI,MOSI: 0x1960000;  MISO: 0x3FE5EF1
7.831531460000000,SPI,MOSI: 0x1970000;  MISO: 0x3FEFF4E
7.839556580000000,SPI,MOSI: 0x1980000;  MISO: 0x3FEFFFF
7.843566620000000,SPI,MOSI: 0x1990000;  MISO: 0x3FEFFFF
7.847578680000000,SPI,MOSI: 0x19A0000;  MISO: 0x3FEFFFF
7.851590740000000,SPI,MOSI: 0x19B0000;  MISO: 0x3FEFFFF
7.859617840000000,SPI,MOSI: 0x19C0000;  MISO: 0x3FEFFFF
7.863625900000000,SPI,MOSI: 0x19D0000;  MISO: 0x3FEFFFF
7.867637960000000,SPI,MOSI: 0x19E0000;  MISO: 0x3FEFFFF
7.871651020000000,SPI,MOSI: 0x19F0000;  MISO: 0x3FEFFFF
7.879677120000000,SPI,MOSI: 0x1A00000;  MISO: 0x3FEFFFF
7.883686180000000,SPI,MOSI: 0x1A10000;  MISO: 0x3FEFFFF
7.887699240000000,SPI,MOSI: 0x1A20000;  MISO: 0x3FEFFFF
7.891712280000000,SPI,MOSI: 0x1A30000;  MISO: 0x3FEFFFF
7.899737400000000,SPI,MOSI: 0x1A40000;  MISO: 0x3FEFFFF
7.903747460000000,SPI,MOSI: 0x1A50000;  MISO: 0x3FEFFFF
7.907759500000000,SPI,MOSI: 0x1A60000;  MISO: 0x3FEFFFF
7.911771560000000,SPI,MOSI: 0x1A70000;  MISO: 0x3FEFFFF
7.919797680000000,SPI,MOSI: 0x1A80000;  MISO: 0x3FEFFFF
7.923807720000000,SPI,MOSI: 0x1A90000;  MISO: 0x3FEFFFF
7.927818780000000,SPI,MOSI: 0x1AA0000;  MISO: 0x3FEFFFF
7.931831840000000,SPI,MOSI: 0x1AB0000;  MISO: 0x3FEFFFF
7.939858940000000,SPI,MOSI: 0x1AC0000;  MISO: 0x3FEFFFF
7.943867000000000,SPI,MOSI: 0x1AD0000;  MISO: 0x3FEFFFF
7.947880060000000,SPI,MOSI: 0x1AE0000;  MISO: 0x3FEFFFF
7.951893120000000,SPI,MOSI: 0x1AF0000;  MISO: 0x3FEFFFF
7.959918220000000,SPI,MOSI: 0x1B00000;  MISO: 0x3FEFFFF
7.963927280000000,SPI,MOSI: 0x1B10000;  MISO: 0x3FEFFFF
7.967939340000000,SPI,MOSI: 0x1B20000;  MISO: 0x3FEFFFF
7.971952380000000,SPI,MOSI: 0x1B30000;  MISO: 0x3FEFFFF
7.979979500000000,SPI,MOSI: 0x1B40000;  MISO: 0x3FEFFFF
7.983987560000000,SPI,MOSI: 0x1B50000;  MISO: 0x3FEFFFF
7.987999620000000,SPI,MOSI: 0x1B60000;  MISO: 0x3FEFFFF
7.992013660000000,SPI,MOSI: 0x1B70000;  MISO: 0x3FEFFFF
8.000039780000000,SPI,MOSI: 0x1B80000;  MISO: 0x3FEFFFF
8.004047840000000,SPI,MOSI: 0x1B90000;  MISO: 0x3FEFFFF
8.008059879999999,SPI,MOSI: 0x1BA0000;  MISO: 0x3FEFFFF
8.012072939999999,SPI,MOSI: 0x1BB0000;  MISO: 0x3FEFFFF
8.020099040000000,SPI,MOSI: 0x1BC0000;  MISO: 0x3FEE2FF
8.024108099999999,SPI,MOSI: 0x1BD0000;  MISO: 0x3FEFFFF
8.028120160000000,SPI,MOSI: 0x1BE0000;  MISO: 0x3FEFFFF
8.032134220000000,SPI,MOSI: 0x1BF0000;  MISO: 0x3FEFFFF
8.040159320000001,SPI,MOSI: 0x1800000;  MISO: 0x3FEFFFF
8.044169380000000,SPI,MOSI: 0x1810000;  MISO: 0x3FEFFFF
8.048181440000000,SPI,MOSI: 0x1820000;  MISO: 0x3FEFFFF
8.052193480000000,SPI,MOSI: 0x1830000;  MISO: 0x3FEFFFF
8.060219600000000,SPI,MOSI: 0x1840000;  MISO: 0x3FEFFFF
8.064228659999999,SPI,MOSI: 0x1850000;  MISO: 0x3FEFFFF
8.068241700000000,SPI,MOSI: 0x1860000;  MISO: 0x3FEFFFF
8.072254760000000,SPI,MOSI: 0x1870000;  MISO: 0x3FEFFFF
8.080279880000001,SPI,MOSI: 0x1880000;  MISO: 0x3FEFFFF
8.084288940000000,SPI,MOSI: 0x1890000;  MISO: 0x3FEFFFF
8.088301980000001,SPI,MOSI: 0x18A0000;  MISO: 0x3FEFFFF
8.092314040000000,SPI,MOSI: 0x18B0000;  MISO: 0x3FEFFFF
8.100340160000000,SPI,MOSI: 0x18C0000;  MISO: 0x3FEFFFF
8.104350200000001,SPI,MOSI: 0x18D0000;  MISO: 0x3FEFFFF
8.108361260000001,SPI,MOSI: 0x18E0000;  MISO: 0x3FEFFFF
8.112374320000001,SPI,MOSI: 0x18F0000;  MISO: 0x3FEFFFF
8.120401420000000,SPI,MOSI: 0x1900000;  MISO: 0x3FE0010
8.124409480000001,SPI,MOSI: 0x1910000;  MISO: 0x3FEA707
8.128422540000001,SPI,MOSI: 0x1920000;  MISO: 0x3FEDA99
8.132435600000001,SPI,MOSI: 0x1930000;  MISO: 0x3FEB0CA
8.140460700000000,SPI,MOSI: 0x1940000;  MISO: 0x3FEFF9D
8.144469760000000,SPI,MOSI: 0x1950000;  MISO: 0x3FEFD00
8.148481820000001,SPI,MOSI: 0x1960000;  MISO: 0x3FE5EF1
8.152494859999999,SPI,MOSI: 0x1970000;  MISO: 0x3FEFF4E
8.160521980000000,SPI,MOSI: 0x1980000;  MISO: 0x3FEFFFF
8.164530040000001,SPI,MOSI: 0x1990000;  MISO: 0x3FEFFFF
8.168543079999999,SPI,MOSI: 0x19A0000;  MISO: 0x3FEFFFF
8.172556139999999,SPI,MOSI: 0x19B0000;  MISO: 0x3FEFFFF
8.180581260000000,SPI,MOSI: 0x19C0000;  MISO: 0x3FEFFFF
8.184590320000000,SPI,MOSI: 0x19D0000;  MISO: 0x3FEFFFF
8.188603360000000,SPI,MOSI: 0x19E0000;  MISO: 0x3FEFFFF
8.192616420000000,SPI,MOSI: 0x19F0000;  MISO: 0x3FEFFFF
8.200641520000000,SPI,MOSI: 0x1A00000;  MISO: 0x3FEFFFF
8.204650579999999,SPI,MOSI: 0x1A10000;  MISO: 0x3FEFFFF
8.208663639999999,SPI,MOSI: 0x1A20000;  MISO: 0x3FEFFFF
8.212675700000000,SPI,MOSI: 0x1A30000;  MISO: 0x3FEFFFF
8.220702800000000,SPI,MOSI: 0x1A40000;  MISO: 0x3FEFFFF
8.224710860000000,SPI,MOSI: 0x1A50000;  MISO: 0x3FEFFFF
8.228722919999999,SPI,MOSI: 0x1A60000;  MISO: 0x3FEFFFF
8.232735979999999,SPI,MOSI: 0x1A70000;  MISO: 0x3FEFFFF
8.240763080000001,SPI,MOSI: 0x1A80000;  MISO: 0x3FEFFFF
8.244771139999999,SPI,MOSI: 0x1A90000;  MISO: 0x3FEFFFF
8.248783200000000,SPI,MOSI: 0x1AA0000;  MISO: 0x3FEFFFF
8.252796240000000,SPI,MOSI: 0x1AB0000;  MISO: 0x3FEFFFF
8.260822360000001,SPI,MOSI: 0x1AC0000;  MISO: 0x3FEFFFF
8.264831420000000,SPI,MOSI: 0x1AD0000;  MISO: 0x3FEFFFF
8.268843479999999,SPI,MOSI: 0x1AE0000;  MISO: 0x3FEFFFF
8.272857520000001,SPI,MOSI: 0x1AF0000;  MISO: 0x3FEFFFF
8.280883640000001,SPI,MOSI: 0x1B00000;  MISO: 0x3FEFFFF
8.284891699999999,SPI,MOSI: 0x1B10000;  MISO: 0x3FEFFFF
8.288903740000000,SPI,MOSI: 0x1B20000;  MISO: 0x3FEFFFF
8.292914800000000,SPI,MOSI: 0x1B30000;  MISO: 0x3FEFFFF
8.300942920000001,SPI,MOSI: 0x1B40000;  MISO: 0x3FEFFFF
8.304952960000000,SPI,MOSI: 0x1B50000;  MISO: 0x3FEFFFF
8.308965020000000,SPI,MOSI: 0x1B60000;  MISO: 0x3FEFFFF
8.312978080000001,SPI,MOSI: 0x1B70000;  MISO: 0x3FEFFFF
8.321004179999999,SPI,MOSI: 0x1B80000;  MISO: 0x3FEFFFF
8.325012240000000,SPI,MOSI: 0x1B90000;  MISO: 0x3FEFFFF
8.329024300000000,SPI,MOSI: 0x1BA0000;  MISO: 0x3FEFFFF
8.333037360000001,SPI,MOSI: 0x1BB0000;  MISO: 0x3FEFFFF
8.341063460000001,SPI,MOSI: 0x1BC0000;  MISO: 0x3FEE2FF
8.345072520000000,SPI,MOSI: 0x1BD0000;  MISO: 0x3FEFFFF
8.349085580000001,SPI,MOSI: 0x1BE0000;  MISO: 0x3FEFFFF
8.353097640000000,SPI,MOSI: 0x1BF0000;  MISO: 0x3FEFFFF
8.361124739999999,SPI,MOSI: 0x1800000;  MISO: 0x3FEFFFF
8.365132800000000,SPI,MOSI: 0x1810000;  MISO: 0x3FEFFFF
8.369144860000000,SPI,MOSI: 0x1820000;  MISO: 0x3FEFFFF
8.373157900000001,SPI,MOSI: 0x1830000;  MISO: 0x3FEFFFF
8.381184019999999,SPI,MOSI: 0x1840000;  MISO: 0x3FEFFFF
8.385193080000001,SPI,MOSI: 0x1850000;  MISO: 0x3FEFFFF
8.389206120000001,SPI,MOSI: 0x1860000;  MISO: 0x3FEFFFF
8.393218180000000,SPI,MOSI: 0x1870000;  MISO: 0x3FEFFFF
8.401245299999999,SPI,MOSI: 0x1880000;  MISO: 0x3FEFFFF
8.405254360000001,SPI,MOSI: 0x1890000;  MISO: 0x3FEFFFF
8.409266400000000,SPI,MOSI: 0x18A0000;  MISO: 0x3FEFFFF
8.413278460000001,SPI,MOSI: 0x18B0000;  MISO: 0x3FEFFFF
8.421304579999999,SPI,MOSI: 0x18C0000;  MISO: 0x3FEFFFF
8.425313620000001,SPI,MOSI: 0x18D0000;  MISO: 0x3FEFFFF
8.429326680000001,SPI,MOSI: 0x18E0000;  MISO: 0x3FEFFFF
8.433338740000000,SPI,MOSI: 0x18F0000;  MISO: 0x3FEFFFF
8.441365840000000,SPI,MOSI: 0x1900000;  MISO: 0x3FE0010
8.445374899999999,SPI,MOSI: 0x1910000;  MISO: 0x3FEA707
8.449385960000001,SPI,MOSI: 0x1920000;  MISO: 0x3FEDA99
8.453399020000001,SPI,MOSI: 0x1930000;  MISO: 0x3FEB0CA
8.461425119999999,SPI,MOSI: 0x1940000;  MISO: 0x3FEFF9D
8.465435180000000,SPI,MOSI: 0x1950000;  MISO: 0x3FEFD00
8.469447239999999,SPI,MOSI: 0x1960000;  MISO: 0x3FE5EF1
8.473459300000000,SPI,MOSI: 0x1970000;  MISO: 0x3FEFF4E
8.481485400000000,SPI,MOSI: 0x1980000;  MISO: 0x3FEFFFF
8.485494460000000,SPI,MOSI: 0x1990000;  MISO: 0x3FEFFFF
8.489506520000001,SPI,MOSI: 0x19A0000;  MISO: 0x3FEFFFF
8.493519559999999,SPI,MOSI: 0x19B0000;  MISO: 0x3FEFFFF
8.501545680000000,SPI,MOSI: 0x19C0000;  MISO: 0x3FEFFFF
8.505554739999999,SPI,MOSI: 0x19D0000;  MISO: 0x3FEFFFF
8.509566800000000,SPI,MOSI: 0x19E0000;  MISO: 0x3FEFFFF
8.513580839999999,SPI,MOSI: 0x19F0000;  MISO: 0x3FEFFFF
8.521606960000000,SPI,MOSI: 0x1A00000;  MISO: 0x3FEFFFF
8.525616019999999,SPI,MOSI: 0x1A10000;  MISO: 0x3FEFFFF
8.529627079999999,SPI,MOSI: 0x1A20000;  MISO: 0x3FEFFFF
8.533640119999999,SPI,MOSI: 0x1A30000;  MISO: 0x3FEFFFF
8.541666240000000,SPI,MOSI: 0x1A40000;  MISO: 0x3FEFFFF
8.545675299999999,SPI,MOSI: 0x1A50000;  MISO: 0x3FEFFFF
8.549687340000000,SPI,MOSI: 0x1A60000;  MISO: 0x3FEFFFF
8.553700400000000,SPI,MOSI: 0x1A70000;  MISO: 0x3FEFFFF
8.561726520000001,SPI,MOSI: 0x1A80000;  MISO: 0x3FEFFFF
8.565736559999999,SPI,MOSI: 0x1A90000;  MISO: 0x3FEFFFF
8.569748620000000,SPI,MOSI: 0x1AA0000;  MISO: 0x3FEFFFF
8.573760679999999,SPI,MOSI: 0x1AB0000;  MISO: 0x3FEFFFF
8.581787780000001,SPI,MOSI: 0x1AC0000;  MISO: 0x3FEFFFF
8.585796840000000,SPI,MOSI: 0x1AD0000;  MISO: 0x3FEFFFF
8.589808900000000,SPI,MOSI: 0x1AE0000;  MISO: 0x3FEFFFF
8.593820960000000,SPI,MOSI: 0x1AF0000;  MISO: 0x3FEFFFF
8.601847060000001,SPI,MOSI: 0x1B00000;  MISO: 0x3FEFFFF
8.605856120000000,SPI,MOSI: 0x1B10000;  MISO: 0x3FEFFFF
8.609869180000000,SPI,MOSI: 0x1B20000;  MISO: 0x3FEFFFF
8.613882240000001,SPI,MOSI: 0x1B30000;  MISO: 0x3FEFFFF
8.621908339999999,SPI,MOSI: 0x1B40000;  MISO: 0x3FEFFFF
8.625916399999999,SPI,MOSI: 0x1B50000;  MISO: 0x3FEFFFF
8.629928460000000,SPI,MOSI: 0x1B60000;  MISO: 0x3FEFFFF
8.633941520000000,SPI,MOSI: 0x1B70000;  MISO: 0x3FEFFFF
8.641967620000001,SPI,MOSI: 0x1B80000;  MISO: 0x3FEFFFF
8.645976680000000,SPI,MOSI: 0x1B90000;  MISO: 0x3FEFFFF
8.649988740000000,SPI,MOSI: 0x1BA0000;  MISO: 0x3FEFFFF
8.654002780000001,SPI,MOSI: 0x1BB0000;  MISO: 0x3FEFFFF
8.662027900000000,SPI,MOSI: 0x1BC0000;  MISO: 0x3FEE2FF
8.666036960000000,SPI,MOSI: 0x1BD0000;  MISO: 0x3FEFFFF
8.670050020000000,SPI,MOSI: 0x1BE0000;  MISO: 0x3FEFFFF
8.674062060000001,SPI,MOSI: 0x1BF0000;  MISO: 0x3FEFFFF
8.682088179999999,SPI,MOSI: 0x1800000;  MISO: 0x3FEFFFF
8.686098240000000,SPI,MOSI: 0x1810000;  MISO: 0x3FEFFFF
8.690109300000000,SPI,MOSI: 0x1820000;  MISO: 0x3FEFFFF
8.694122340000000,SPI,MOSI: 0x1830000;  MISO: 0x3FEFFFF
8.702148460000000,SPI,MOSI: 0x1840000;  MISO: 0x3FEFFFF
8.706157520000000,SPI,MOSI: 0x1850000;  MISO: 0x3FEFFFF
8.710170560000000,SPI,MOSI: 0x1860000;  MISO: 0x3FEFFFF
8.714182620000001,SPI,MOSI: 0x1870000;  MISO: 0x3FEFFFF
8.722208739999999,SPI,MOSI: 0x1880000;  MISO: 0x3FEFFFF
8.726217800000001,SPI,MOSI: 0x1890000;  MISO: 0x3FEFFFF
8.730230840000001,SPI,MOSI: 0x18A0000;  MISO: 0x3FEFFFF
8.734242900000000,SPI,MOSI: 0x18B0000;  MISO: 0x3FEFFFF
8.742265020000000,SPI,MOSI: 0x18C0000;  MISO: 0x3FEFFFF
8.746278080000000,SPI,MOSI: 0x18D0000;  MISO: 0x3FEFFFF
8.750290120000001,SPI,MOSI: 0x18E0000;  MISO: 0x3FEFFFF
8.754304180000000,SPI,MOSI: 0x18F0000;  MISO: 0x3FEFFFF
8.762329299999999,SPI,MOSI: 0x1900000;  MISO: 0x3FE0010
8.766338340000001,SPI,MOSI: 0x1910000;  MISO: 0x3FEA707
8.770350400000000,SPI,MOSI: 0x1920000;  MISO: 0x3FEDA99
8.774369460000001,SPI,MOSI: 0x1930000;  MISO: 0x3FEB0CA
8.782389560000000,SPI,MOSI: 0x1940000;  MISO: 0x3FEFF9D
8.786398620000000,SPI,MOSI: 0x1950000;  MISO: 0x3FEFD00
8.790415680000001,SPI,MOSI: 0x1960000;  MISO: 0x3FE5EF1
8.794423739999999,SPI,MOSI: 0x1970000;  MISO: 0x3FEFF4E
8.802450840000001,SPI,MOSI: 0x1980000;  MISO: 0x3FEFFFF
8.806464900000000,SPI,MOSI: 0x1990000;  MISO: 0x3FEFFFF
8.810470960000000,SPI,MOSI: 0x19A0000;  MISO: 0x3FEFFFF
8.814484020000000,SPI,MOSI: 0x19B0000;  MISO: 0x3FEFFFF
8.822515120000000,SPI,MOSI: 0x19C0000;  MISO: 0x3FEFFFF
8.826519180000000,SPI,MOSI: 0x19D0000;  MISO: 0x3FEFFFF
8.830531239999999,SPI,MOSI: 0x19E0000;  MISO: 0x3FEFFFF
8.834545300000000,SPI,MOSI: 0x19F0000;  MISO: 0x3FEFFFF
8.842570400000000,SPI,MOSI: 0x1A00000;  MISO: 0x3FEFFFF
8.846580460000000,SPI,MOSI: 0x1A10000;  MISO: 0x3FEFFFF
8.850591520000000,SPI,MOSI: 0x1A20000;  MISO: 0x3FEFFFF
8.854609560000000,SPI,MOSI: 0x1A30000;  MISO: 0x3FEFFFF
8.862630680000001,SPI,MOSI: 0x1A40000;  MISO: 0x3FEFFFF
8.866639740000000,SPI,MOSI: 0x1A50000;  MISO: 0x3FEFFFF
8.870656800000001,SPI,MOSI: 0x1A60000;  MISO: 0x3FEFFFF
8.874664859999999,SPI,MOSI: 0x1A70000;  MISO: 0x3FEFFFF
8.882691960000001,SPI,MOSI: 0x1A80000;  MISO: 0x3FEFFFF
8.886705020000001,SPI,MOSI: 0x1A90000;  MISO: 0x3FEFFFF
8.890713079999999,SPI,MOSI: 0x1AA0000;  MISO: 0x3FEFFFF
8.894725140000000,SPI,MOSI: 0x1AB0000;  MISO: 0x3FEFFFF
8.902757240000000,SPI,MOSI: 0x1AC0000;  MISO: 0x3FEFFFF
8.906761299999999,SPI,MOSI: 0x1AD0000;  MISO: 0x3FEFFFF
8.910773360000000,SPI,MOSI: 0x1AE0000;  MISO: 0x3FEFFFF
8.914786400000001,SPI,MOSI: 0x1AF0000;  MISO: 0x3FEFFFF
8.922812520000001,SPI,MOSI: 0x1B00000;  MISO: 0x3FEFFFF
8.926820579999999,SPI,MOSI: 0x1B10000;  MISO: 0x3FEFFFF
8.930832640000000,SPI,MOSI: 0x1B20000;  MISO: 0x3FEFFFF
8.934850680000000,SPI,MOSI: 0x1B30000;  MISO: 0x3FEFFFF
8.942871800000001,SPI,MOSI: 0x1B40000;  MISO: 0x3FEFFFF
8.946880860000000,SPI,MOSI: 0x1B50000;  MISO: 0x3FEFFFF
8.950897899999999,SPI,MOSI: 0x1B60000;  MISO: 0x3FEFFFF
8.954906960000001,SPI,MOSI: 0x1B70000;  MISO: 0x3FEFFFF
8.962933080000001,SPI,MOSI: 0x1B80000;  MISO: 0x3FEFFFF
8.966946139999999,SPI,MOSI: 0x1B90000;  MISO: 0x3FEFFFF
8.970953200000000,SPI,MOSI: 0x1BA0000;  MISO: 0x3FEFFFF
8.974966240000001,SPI,MOSI: 0x1BB0000;  MISO: 0x3FEFFFF
8.982997360000001,SPI,MOSI: 0x1BC0000;  MISO: 0x3FEE2FF
8.987001420000000,SPI,MOSI: 0x1BD0000;  MISO: 0x3FEFFFF
8.991013479999999,SPI,MOSI: 0x1BE0000;  MISO: 0x3FEFFFF
8.995027520000001,SPI,MOSI: 0x1BF0000;  MISO: 0x3FEFFFF
9.003052640000000,SPI,MOSI: 0x1800000;  MISO: 0x3FEFFFF
9.007061700000000,SPI,MOSI: 0x1810000;  MISO: 0x3FEFFFF
9.011073760000000,SPI,MOSI: 0x1820000;  MISO: 0x3FEFFFF
9.015091800000000,SPI,MOSI: 0x1830000;  MISO: 0x3FEFFFF
9.023112920000001,SPI,MOSI: 0x1840000;  MISO: 0x3FEFFFF
9.027122980000000,SPI,MOSI: 0x1850000;  MISO: 0x3FEFFFF
9.031139019999999,SPI,MOSI: 0x1860000;  MISO: 0x3FEFFFF
9.035147080000000,SPI,MOSI: 0x1870000;  MISO: 0x3FEFFFF
9.043174199999999,SPI,MOSI: 0x1880000;  MISO: 0x3FEFFFF
9.047188240000001,SPI,MOSI: 0x1890000;  MISO: 0x3FEFFFF
9.051194320000000,SPI,MOSI: 0x18A0000;  MISO: 0x3FEFFFF
9.055208360000000,SPI,MOSI: 0x18B0000;  MISO: 0x3FEFFFF
9.063238480000001,SPI,MOSI: 0x18C0000;  MISO: 0x3FEFFFF
9.067243540000000,SPI,MOSI: 0x18D0000;  MISO: 0x3FEFFFF
9.071255580000001,SPI,MOSI: 0x18E0000;  MISO: 0x3FEFFFF
9.075267640000000,SPI,MOSI: 0x18F0000;  MISO: 0x3FEFFFF
9.083294759999999,SPI,MOSI: 0x1900000;  MISO: 0x3FE0010
9.087303820000001,SPI,MOSI: 0x1910000;  MISO: 0x3FEA707
9.091314860000001,SPI,MOSI: 0x1920000;  MISO: 0x3FEDA99
9.095332920000001,SPI,MOSI: 0x1930000;  MISO: 0x3FEB0CA
9.103354039999999,SPI,MOSI: 0x1940000;  MISO: 0x3FEFF9D
9.107364100000000,SPI,MOSI: 0x1950000;  MISO: 0x3FEFD00
9.111380140000000,SPI,MOSI: 0x1960000;  MISO: 0x3FE5EF1
9.115388200000000,SPI,MOSI: 0x1970000;  MISO: 0x3FEFF4E
9.123414320000000,SPI,MOSI: 0x1980000;  MISO: 0x3FEFFFF
9.127428360000000,SPI,MOSI: 0x1990000;  MISO: 0x3FEFFFF
9.131435420000001,SPI,MOSI: 0x19A0000;  MISO: 0x3FEFFFF
9.135448480000001,SPI,MOSI: 0x19B0000;  MISO: 0x3FEFFFF
9.143479579999999,SPI,MOSI: 0x19C0000;  MISO: 0x3FEFFFF
9.147483660000001,SPI,MOSI: 0x19D0000;  MISO: 0x3FEFFFF
9.151495700000000,SPI,MOSI: 0x19E0000;  MISO: 0x3FEFFFF
9.155508760000000,SPI,MOSI: 0x19F0000;  MISO: 0x3FEFFFF
9.163534880000000,SPI,MOSI: 0x1A00000;  MISO: 0x3FEFFFF
9.167543940000000,SPI,MOSI: 0x1A10000;  MISO: 0x3FEFFFF
9.171555980000001,SPI,MOSI: 0x1A20000;  MISO: 0x3FEFFFF
9.175574040000001,SPI,MOSI: 0x1A30000;  MISO: 0x3FEFFFF
9.183596160000000,SPI,MOSI: 0x1A40000;  MISO: 0x3FEFFFF
9.187604220000001,SPI,MOSI: 0x1A50000;  MISO: 0x3FEFFFF
9.191622260000001,SPI,MOSI: 0x1A60000;  MISO: 0x3FEFFFF
9.195630319999999,SPI,MOSI: 0x1A70000;  MISO: 0x3FEFFFF
9.203655440000000,SPI,MOSI: 0x1A80000;  MISO: 0x3FEFFFF
9.207669480000000,SPI,MOSI: 0x1A90000;  MISO: 0x3FEFFFF
9.211676539999999,SPI,MOSI: 0x1AA0000;  MISO: 0x3FEFFFF
9.215690600000000,SPI,MOSI: 0x1AB0000;  MISO: 0x3FEFFFF
9.223720699999999,SPI,MOSI: 0x1AC0000;  MISO: 0x3FEFFFF
9.227724780000001,SPI,MOSI: 0x1AD0000;  MISO: 0x3FEFFFF
9.231736820000000,SPI,MOSI: 0x1AE0000;  MISO: 0x3FEFFFF
9.235750879999999,SPI,MOSI: 0x1AF0000;  MISO: 0x3FEFFFF
9.243777000000000,SPI,MOSI: 0x1B00000;  MISO: 0x3FEFFFF
9.247785060000000,SPI,MOSI: 0x1B10000;  MISO: 0x3FEFFFF
9.251797120000001,SPI,MOSI: 0x1B20000;  MISO: 0x3FEFFFF
9.255823160000000,SPI,MOSI: 0x1B30000;  MISO: 0x3FEFFFF
9.263836280000000,SPI,MOSI: 0x1B40000;  MISO: 0x3FEFFFF
9.267846340000000,SPI,MOSI: 0x1B50000;  MISO: 0x3FEFFFF
9.271858379999999,SPI,MOSI: 0x1B60000;  MISO: 0x3FEFFFF
9.275871440000000,SPI,MOSI: 0x1B70000;  MISO: 0x3FEFFFF
9.283897560000000,SPI,MOSI: 0x1B80000;  MISO: 0x3FEFFFF
9.287906619999999,SPI,MOSI: 0x1B90000;  MISO: 0x3FEFFFF
9.291917679999999,SPI,MOSI: 0x1BA0000;  MISO: 0x3FEFFFF
9.295930719999999,SPI,MOSI: 0x1BB0000;  MISO: 0x3FEFFFF
9.303956840000000,SPI,MOSI: 0x1BC0000;  MISO: 0x3FEE2FF
9.307965899999999,SPI,MOSI: 0x1BD0000;  MISO: 0x3FEFFFF
9.311978939999999,SPI,MOSI: 0x1BE0000;  MISO: 0x3FEFFFF
9.315991000000000,SPI,MOSI: 0x1BF0000;  MISO: 0x3FEFFFF
9.324018120000000,SPI,MOSI: 0x1800000;  MISO: 0x3FEFFFF
9.328026180000000,SPI,MOSI: 0x1810000;  MISO: 0x3FEFFFF
9.332038239999999,SPI,MOSI: 0x1820000;  MISO: 0x3FEFFFF
9.336051280000000,SPI,MOSI: 0x1830000;  MISO: 0x3FEFFFF
9.344077400000000,SPI,MOSI: 0x1840000;  MISO: 0x3FEFFFF
9.348086459999999,SPI,MOSI: 0x1850000;  MISO: 0x3FEFFFF
9.352099519999999,SPI,MOSI: 0x1860000;  MISO: 0x3FEFFFF
9.356111560000000,SPI,MOSI: 0x1870000;  MISO: 0x3FEFFFF
9.364138680000000,SPI,MOSI: 0x1880000;  MISO: 0x3FEFFFF
9.368147740000000,SPI,MOSI: 0x1890000;  MISO: 0x3FEFFFF
9.372159800000000,SPI,MOSI: 0x18A0000;  MISO: 0x3FEFFFF
9.376171840000000,SPI,MOSI: 0x18B0000;  MISO: 0x3FEFFFF
9.384197960000000,SPI,MOSI: 0x18C0000;  MISO: 0x3FEFFFF
9.388207019999999,SPI,MOSI: 0x18D0000;  MISO: 0x3FEFFFF
9.392220080000000,SPI,MOSI: 0x18E0000;  MISO: 0x3FEFFFF
9.396232140000000,SPI,MOSI: 0x18F0000;  MISO: 0x3FEFFFF
9.404259240000000,SPI,MOSI: 0x1900000;  MISO: 0x3FE0010
9.408268300000000,SPI,MOSI: 0x1910000;  MISO: 0x3FEA707
9.412279359999999,SPI,MOSI: 0x1920000;  MISO: 0x3FEDA99
9.416292420000000,SPI,MOSI: 0x1930000;  MISO: 0x3FEB0CA
9.424318520000000,SPI,MOSI: 0x1940000;  MISO: 0x3FEFF9D
9.428328580000001,SPI,MOSI: 0x1950000;  MISO: 0x3FEFD00
9.432340640000000,SPI,MOSI: 0x1960000;  MISO: 0x3FE5EF1
9.436352700000000,SPI,MOSI: 0x1970000;  MISO: 0x3FEFF4E
9.444378800000001,SPI,MOSI: 0x1980000;  MISO: 0x3FEFFFF
9.448387860000000,SPI,MOSI: 0x1990000;  MISO: 0x3FEFFFF
9.452399920000000,SPI,MOSI: 0x19A0000;  MISO: 0x3FEFFFF
9.456413980000001,SPI,MOSI: 0x19B0000;  MISO: 0x3FEFFFF
9.464439080000000,SPI,MOSI: 0x19C0000;  MISO: 0x3FEFFFF
9.468448140000000,SPI,MOSI: 0x19D0000;  MISO: 0x3FEFFFF
9.472461200000000,SPI,MOSI: 0x19E0000;  MISO: 0x3FEFFFF
9.476474260000000,SPI,MOSI: 0x19F0000;  MISO: 0x3FEFFFF
9.484499359999999,SPI,MOSI: 0x1A00000;  MISO: 0x3FEFFFF
9.488508420000000,SPI,MOSI: 0x1A10000;  MISO: 0x3FEFFFF
9.492520480000000,SPI,MOSI: 0x1A20000;  MISO: 0x3FEFFFF
9.496533540000000,SPI,MOSI: 0x1A30000;  MISO: 0x3FEFFFF
9.504560639999999,SPI,MOSI: 0x1A40000;  MISO: 0x3FEFFFF
9.508568700000000,SPI,MOSI: 0x1A50000;  MISO: 0x3FEFFFF
9.512580760000001,SPI,MOSI: 0x1A60000;  MISO: 0x3FEFFFF
9.516593820000001,SPI,MOSI: 0x1A70000;  MISO: 0x3FEFFFF
9.524619919999999,SPI,MOSI: 0x1A80000;  MISO: 0x3FEFFFF
9.528629980000000,SPI,MOSI: 0x1A90000;  MISO: 0x3FEFFFF
9.532642040000001,SPI,MOSI: 0x1AA0000;  MISO: 0x3FEFFFF
9.536654100000000,SPI,MOSI: 0x1AB0000;  MISO: 0x3FEFFFF
9.544680220000000,SPI,MOSI: 0x1AC0000;  MISO: 0x3FEFFFF
9.548690260000001,SPI,MOSI: 0x1AD0000;  MISO: 0x3FEFFFF
9.552702320000000,SPI,MOSI: 0x1AE0000;  MISO: 0x3FEFFFF
9.556714380000001,SPI,MOSI: 0x1AF0000;  MISO: 0x3FEFFFF
9.564740499999999,SPI,MOSI: 0x1B00000;  MISO: 0x3FEFFFF
9.568749560000001,SPI,MOSI: 0x1B10000;  MISO: 0x3FEFFFF
9.572762600000001,SPI,MOSI: 0x1B20000;  MISO: 0x3FEFFFF
9.576774660000000,SPI,MOSI: 0x1B30000;  MISO: 0x3FEFFFF
9.584800780000000,SPI,MOSI: 0x1B40000;  MISO: 0x3FEFFFF
9.588809840000000,SPI,MOSI: 0x1B50000;  MISO: 0x3FEFFFF
9.592822880000000,SPI,MOSI: 0x1B60000;  MISO: 0x3FEFFFF
9.596835940000000,SPI,MOSI: 0x1B70000;  MISO: 0x3FEFFFF
9.604861059999999,SPI,MOSI: 0x1B80000;  MISO: 0x3FEFFFF
9.608870120000001,SPI,MOSI: 0x1B90000;  MISO: 0x3FEFFFF
9.612882180000000,SPI,MOSI: 0x1BA0000;  MISO: 0x3FEFFFF
9.616896219999999,SPI,MOSI: 0x1BB0000;  MISO: 0x3FEFFFF
9.624921340000000,SPI,MOSI: 0x1BC0000;  MISO: 0x3FEE2FF
9.628930400000000,SPI,MOSI: 0x1BD0000;  MISO: 0x3FEFFFF
9.632943460000000,SPI,MOSI: 0x1BE0000;  MISO: 0x3FEFFFF
9.636955499999999,SPI,MOSI: 0x1BF0000;  MISO: 0x3FEFFFF
9.644981619999999,SPI,MOSI: 0x1800000;  MISO: 0x3FEFFFF
9.648991680000000,SPI,MOSI: 0x1810000;  MISO: 0x3FEFFFF
9.653002740000000,SPI,MOSI: 0x1820000;  MISO: 0x3FEFFFF
9.657015800000000,SPI,MOSI: 0x1830000;  MISO: 0x3FEFFFF
9.665041900000000,SPI,MOSI: 0x1840000;  MISO: 0x3FEFFFF
9.669050960000000,SPI,MOSI: 0x1850000;  MISO: 0x3FEFFFF
9.673064020000000,SPI,MOSI: 0x1860000;  MISO: 0x3FEFFFF
9.677076080000001,SPI,MOSI: 0x1870000;  MISO: 0x3FEFFFF
9.685102179999999,SPI,MOSI: 0x1880000;  MISO: 0x3FEFFFF
9.689112240000000,SPI,MOSI: 0x1890000;  MISO: 0x3FEFFFF
9.693124299999999,SPI,MOSI: 0x18A0000;  MISO: 0x3FEFFFF
9.697136360000000,SPI,MOSI: 0x18B0000;  MISO: 0x3FEFFFF
9.705162460000000,SPI,MOSI: 0x18C0000;  MISO: 0x3FEFFFF
9.709172519999999,SPI,MOSI: 0x18D0000;  MISO: 0x3FEFFFF
9.713183580000001,SPI,MOSI: 0x18E0000;  MISO: 0x3FEFFFF
9.717196639999999,SPI,MOSI: 0x18F0000;  MISO: 0x3FEFFFF
9.725223740000001,SPI,MOSI: 0x1900000;  MISO: 0x3FE0010
9.729231800000001,SPI,MOSI: 0x1910000;  MISO: 0x3FEA707
9.733244859999999,SPI,MOSI: 0x1920000;  MISO: 0x3FEDA99
9.737256920000000,SPI,MOSI: 0x1930000;  MISO: 0x3FEB0CA
9.745283040000000,SPI,MOSI: 0x1940000;  MISO: 0x3FEFF9D
9.749292100000000,SPI,MOSI: 0x1950000;  MISO: 0x3FEFD00
9.753304139999999,SPI,MOSI: 0x1960000;  MISO: 0x3FE5EF1
9.757317199999999,SPI,MOSI: 0x1970000;  MISO: 0x3FEFF4E
9.765343319999999,SPI,MOSI: 0x1980000;  MISO: 0x3FEFFFF
9.769352380000001,SPI,MOSI: 0x1990000;  MISO: 0x3FEFFFF
9.773365419999999,SPI,MOSI: 0x19A0000;  MISO: 0x3FEFFFF
9.777377480000000,SPI,MOSI: 0x19B0000;  MISO: 0x3FEFFFF
9.785404600000000,SPI,MOSI: 0x19C0000;  MISO: 0x3FEFFFF
9.789412660000000,SPI,MOSI: 0x19D0000;  MISO: 0x3FEFFFF
9.793424720000001,SPI,MOSI: 0x19E0000;  MISO: 0x3FEFFFF
9.797437759999999,SPI,MOSI: 0x19F0000;  MISO: 0x3FEFFFF
9.805463880000000,SPI,MOSI: 0x1A00000;  MISO: 0x3FEFFFF
9.809472939999999,SPI,MOSI: 0x1A10000;  MISO: 0x3FEFFFF
9.813485999999999,SPI,MOSI: 0x1A20000;  MISO: 0x3FEFFFF
9.817498060000000,SPI,MOSI: 0x1A30000;  MISO: 0x3FEFFFF
9.825524160000001,SPI,MOSI: 0x1A40000;  MISO: 0x3FEFFFF
9.829534219999999,SPI,MOSI: 0x1A50000;  MISO: 0x3FEFFFF
9.833546280000000,SPI,MOSI: 0x1A60000;  MISO: 0x3FEFFFF
9.837558339999999,SPI,MOSI: 0x1A70000;  MISO: 0x3FEFFFF
9.845584440000000,SPI,MOSI: 0x1A80000;  MISO: 0x3FEFFFF
9.849593499999999,SPI,MOSI: 0x1A90000;  MISO: 0x3FEFFFF
9.853606559999999,SPI,MOSI: 0x1AA0000;  MISO: 0x3FEFFFF
9.857619619999999,SPI,MOSI: 0x1AB0000;  MISO: 0x3FEFFFF
9.865644720000001,SPI,MOSI: 0x1AC0000;  MISO: 0x3FEFFFF
9.869653780000000,SPI,MOSI: 0x1AD0000;  MISO: 0x3FEFFFF
9.873666840000000,SPI,MOSI: 0x1AE0000;  MISO: 0x3FEFFFF
9.877679900000000,SPI,MOSI: 0x1AF0000;  MISO: 0x3FEFFFF
9.885705020000000,SPI,MOSI: 0x1B00000;  MISO: 0x3FEFFFF
9.889714079999999,SPI,MOSI: 0x1B10000;  MISO: 0x3FEFFFF
9.893726120000000,SPI,MOSI: 0x1B20000;  MISO: 0x3FEFFFF
9.897739180000000,SPI,MOSI: 0x1B30000;  MISO: 0x3FEFFFF
9.905765300000001,SPI,MOSI: 0x1B40000;  MISO: 0x3FEFFFF
9.909774360000000,SPI,MOSI: 0x1B50000;  MISO: 0x3FEFFFF
9.913786419999999,SPI,MOSI: 0x1B60000;  MISO: 0x3FEFFFF
9.917799459999999,SPI,MOSI: 0x1B70000;  MISO: 0x3FEFFFF
9.925825580000000,SPI,MOSI: 0x1B80000;  MISO: 0x3FEFFFF
9.929834639999999,SPI,MOSI: 0x1B90000;  MISO: 0x3FEFFFF
9.933846700000000,SPI,MOSI: 0x1BA0000;  MISO: 0x3FEFFFF
9.937859760000000,SPI,MOSI: 0x1BB0000;  MISO: 0x3FEFFFF
9.945886860000000,SPI,MOSI: 0x1BC0000;  MISO: 0x3FEE2FF
9.949894920000000,SPI,MOSI: 0x1BD0000;  MISO: 0x3FEFFFF
9.953906979999999,SPI,MOSI: 0x1BE0000;  MISO: 0x3FEFFFF
9.957921040000000,SPI,MOSI: 0x1BF0000;  MISO: 0x3FEFFFF
9.965946140000000,SPI,MOSI: 0x1800000;  MISO: 0x3FEFFFF
9.969955199999999,SPI,MOSI: 0x1810000;  MISO: 0x3FEFFFF
9.973967260000000,SPI,MOSI: 0x1820000;  MISO: 0x3FEFFFF
9.977981320000000,SPI,MOSI: 0x1830000;  MISO: 0x3FEFFFF
9.986006420000001,SPI,MOSI: 0x1840000;  MISO: 0x3FEFFFF
9.990015480000000,SPI,MOSI: 0x1850000;  MISO: 0x3FEFFFF
9.994028540000000,SPI,MOSI: 0x1860000;  MISO: 0x3FEFFFF
9.998040600000000,SPI,MOSI: 0x1870000;  MISO: 0x3FEFFFF
10.006066720000000,SPI,MOSI: 0x1880000;  MISO: 0x3FEFFFF
10.010076780000000,SPI,MOSI: 0x1890000;  MISO: 0x3FEFFFF
10.014087820000000,SPI,MOSI: 0x18A0000;  MISO: 0x3FEFFFF
10.018101880000000,SPI,MOSI: 0x18B0000;  MISO: 0x3FEFFFF
10.026128000000000,SPI,MOSI: 0x18C0000;  MISO: 0x3FEFFFF
